,exp,learning_rate,seq_len,pred_len,loss_pred_len,width,hidden_units,include_affine,affine_in_first_layer,n_hidden_layers,n_integral_layers,use_revin,val_loss,val_loss_norm,train_loss,epoch,train_mse,val_mse,test_mse,train_mae,val_mae,test_mae,train_nmse,val_nmse,test_nmse,train_nmae,val_nmae,test_nmae
0,227,0.005,48,5,5,10,64,True,False,3,3,True,0.06506949756294489,0.013013899512588977,0.05825555770687999,21.0,13.081276705959468,19.288198332867694,55.47440308589208,2.8081992110019605,3.3863625418096497,6.031932141339338,0.001516379261004628,0.002313293506273183,0.006330821333669325,0.03028598916450778,0.03713234365688409,0.0645953848920743
1,161,0.001,96,48,48,32,64,True,False,3,3,False,0.3721527026759254,0.007753181305748445,0.4138252246379852,25.0,19.289991636083734,20.18704351270437,50.10460130968958,3.4528642693369465,3.470850340389993,5.858490684863912,0.0022364827856580496,0.002421094799155886,0.0057180115736486055,0.03724276855272224,0.038058774283541805,0.06273801690868971
2,223,0.005,96,96,96,5,64,True,False,3,3,False,0.741426557302475,0.007723193305234115,1.1827600733800367,1.0,30.668085428117557,20.057000020450218,48.79967424095386,4.340382749084948,3.4855531183184847,5.846475028862642,0.0035556596613952863,0.0024054982794098193,0.005569091357006642,0.04681558773969422,0.03821999405726982,0.06260934239678441
3,153,0.001,96,96,96,5,32,True,False,3,3,False,0.7386004626750946,0.007693754819532235,0.9575094147162004,3.0,27.768893254329093,21.148469770431344,45.38426741182853,4.153525472581025,3.550014178068737,5.598099648600607,0.00321952714711967,0.002536401634992931,0.005179320053230587,0.04480013570961371,0.0389268262979354,0.0599495141842311
4,175,0.001,96,96,96,10,32,True,False,3,3,False,0.7437535226345062,0.007747432527442773,0.9600897350094535,3.0,28.60315365146309,20.735702937634912,45.28289788190492,4.27259895122629,3.5531504627215846,5.56768444403173,0.003316251347531258,0.0024868972273010084,0.005167751611806697,0.04608446826949296,0.03896121647267231,0.059623800664970326
5,47,0.001,10,10,10,32,32,True,False,3,3,False,0.7031319988044825,0.07031319988044825,0.9862744293429635,0.0,19.478918244307142,20.611692305109905,47.101656737236304,3.4894414728861576,3.5638242125690875,5.826025507773882,0.0022521276591228666,0.002472024247151272,0.00537531107566076,0.03758099481176264,0.039078256908405835,0.06239035042959465
6,123,0.005,24,12,12,32,64,True,False,3,3,False,0.35650530559095467,0.029708775465912888,0.4939147690311074,4.0,20.72822282571711,20.914911534094692,48.59696693486606,3.5836486693324363,3.578995889418311,5.948320161220985,0.0024023115046761558,0.0025083902706275235,0.005545958097945083,0.03864244813386376,0.03924461828042701,0.06369999218692124
7,247,0.001,10,5,5,5,64,True,False,3,3,False,0.2839322201907635,0.056786444038152695,0.19969266128133645,29.0,8.254881085940108,20.54356711022325,44.494243623599864,2.246009047915931,3.5857824492498933,5.514801232373273,0.0009544188123408389,0.0024638537810338455,0.005077749215645059,0.0241893308808204,0.03931903466934078,0.0590574794048229
8,198,0.001,10,5,5,5,64,True,False,3,3,False,0.2839322201907635,0.056786444038152695,0.19969266128133645,29.0,8.254881085940108,20.54356711022325,44.494243623599864,2.246009047915931,3.5857824492498933,5.514801232373273,0.0009544188123408389,0.0024638537810338455,0.005077749215645059,0.0241893308808204,0.03931903466934078,0.0590574794048229
9,96,0.005,48,5,5,10,64,True,False,3,3,False,0.06837646176361224,0.013675292352722449,0.050351532116051645,23.0,11.002938703592555,21.192916196013023,45.27815497069791,2.6394817741760295,3.5914370417816897,5.523172574926305,0.001275458690712646,0.0025417322327968713,0.005167210343730202,0.02846639800318468,0.03938103874319228,0.059147127312260475
10,26,0.001,48,5,5,10,32,True,False,3,3,True,0.07740325717763467,0.015480651435526935,0.06447341332152005,4.0,15.459630008920124,20.79667363512906,42.92790406184314,3.0169337016654385,3.5922626829236144,5.2111414231194395,0.001792077551394616,0.002494209632335014,0.0048989962167531875,0.03253715799103756,0.03939009211247589,0.05580561552515898
11,138,0.001,96,96,96,10,64,True,False,3,3,False,0.7557844420274099,0.007872754604452187,0.9669232788411054,2.0,29.220235060224546,21.15455455497645,45.06384289697707,4.329813553269164,3.594923450860872,5.559699360188436,0.003387795803023039,0.002537131402093639,0.005142752731337796,0.04670158785934816,0.03941926812308244,0.05953828916514457
12,173,0.001,48,48,48,5,32,True,False,3,3,True,0.7528890238867866,0.015685187997641386,1.0330405293830804,0.0,27.573366462494608,21.927588890365882,46.577907955199144,4.139349034074986,3.595180277538598,5.6615980868078095,0.0031962997190296515,0.0026298438098220135,0.005315540086188906,0.04464223175583794,0.03942208429422178,0.06062951289110134
13,12,0.005,24,12,12,5,32,True,False,3,3,False,0.35038978911258956,0.029199149092715797,0.30292767111677676,25.0,13.575675039744592,20.822772803689148,47.972891434262664,2.9164190591305763,3.595220387404901,5.800020386983477,0.0015733621066279272,0.0024973397866452952,0.00547473767423141,0.03144771785066152,0.03942252410930986,0.062111864076091323
14,159,0.005,10,10,10,10,32,True,False,3,3,False,0.6543621319261465,0.06543621319261464,0.9256552954514822,5.0,20.394998570329328,20.87044172229824,47.789442360149295,3.6207625878379974,3.5974633266161096,5.82100506045831,0.0023580436968790096,0.0025030568680422427,0.005453802193226943,0.03899531231157674,0.03944711851955502,0.06233658693904454
15,193,0.001,10,10,10,5,64,True,False,3,3,False,0.6976344693790782,0.06976344693790783,0.7600087821483612,2.0,15.830875905595096,20.95317529931538,47.61997635734865,3.140887536786759,3.6042550073697908,5.867310910048308,0.00183034566129217,0.002512979362780301,0.005434462481104203,0.03382709787268127,0.03952159106070791,0.06283247185733148
16,126,0.005,96,96,96,32,64,True,False,3,3,False,0.7426749368508657,0.007736197258863185,1.1157262108542703,48.0,32.20581620264276,20.98165599998231,47.963840916930266,4.460834453815273,3.6049643527711566,5.7970151243148385,0.00373394425949584,0.002516395141629622,0.005473704815741342,0.0481147859157968,0.03952936921703044,0.06207968100535482
17,217,0.005,96,96,96,5,32,True,False,3,3,False,0.7492529551188151,0.007804718282487657,1.097500359470194,2.0,31.38012789746229,21.063024423632864,46.817963206311674,4.439584828672132,3.6095729772970806,5.713813178933952,0.0036382139079387675,0.002526153909286307,0.005342935548248219,0.047885586384825936,0.03957990398038472,0.06118867932302251
18,171,0.005,24,5,5,32,64,True,False,3,3,False,0.130451969971711,0.0260903939943422,0.11860931856614171,19.0,11.682564494965018,21.023799371073117,50.181209611089535,2.7053676501925263,3.611403825784751,6.034674110412596,0.0013539587704333115,0.0025214495269586397,0.005726754226869913,0.029171952596868746,0.03959997970895439,0.06462474837685812
19,165,0.001,96,5,5,32,64,True,False,3,3,True,0.04150292929261923,0.008300585858523845,0.04191820879766185,2.0,20.704430474976885,21.46857436364516,48.72018457487067,3.4976804983303347,3.612581912276909,5.84928160349528,0.0024004729093568757,0.002574792772621784,0.005560019878165012,0.03772615866412302,0.03961289773292384,0.06263939773632994
20,18,0.005,10,10,10,32,64,True,False,3,3,False,0.6483632705428384,0.06483632705428384,0.8949720563762116,5.0,18.30305743891029,21.10446416138845,49.18400343015803,3.3873930210269405,3.6131661102959285,5.93790252582947,0.002116176133997148,0.0025311239056850015,0.005612951575320273,0.03648194146191591,0.03961930361573705,0.06358843072501946
21,8,0.001,24,12,12,32,32,True,False,3,3,False,0.3547653559256684,0.029563779660472366,0.45406332868151367,3.0,21.921794589881618,21.122296510974106,47.844773113798006,3.638701092468233,3.6134230459710013,5.866177803987261,0.002540641317358001,0.0025332625947313394,0.00546011662107333,0.039236077867680505,0.039622120982060575,0.06282033753280299
22,170,0.005,24,12,12,32,32,True,False,3,3,False,0.34282938966696913,0.02856911580558076,0.4401720224414021,26.0,22.814214290511224,21.10647731931391,48.96500516170887,3.810561569047642,3.6141771902400657,5.887296424392937,0.002644068906488426,0.0025313653499648508,0.00558795916742022,0.04108924768572465,0.03963039036958776,0.06304649482063868
23,259,0.005,48,48,48,5,64,True,False,3,3,False,0.7280124492115445,0.01516692602524051,1.148190697921174,2.0,30.501510011399816,21.147441320114996,46.01665933674655,4.425986992077675,3.6154570547873783,5.660988312688686,0.0035357295966028032,0.002536278289753667,0.005251489559648032,0.047733577290084664,0.03964442441633211,0.06062298287832948
24,133,0.005,96,5,5,10,32,True,False,3,3,False,0.03957639964805408,0.007915279929610816,0.04687756730709225,5.0,20.64126445008823,21.16726912557788,48.262390849336,3.6926892858498106,3.6155502894737195,5.849291865030924,0.0023931494366479676,0.0025386563000182535,0.005507775777772485,0.039829533304079394,0.03964544675885191,0.06263950762613457
25,283,0.005,96,48,48,5,64,True,False,3,3,False,0.3598381214671665,0.007496627530565968,0.6259747245907783,3.0,31.729080791395383,21.07915465364893,47.30185358574012,4.44833249294763,3.616296986857039,5.757917032164065,0.0036786715273618396,0.0025280884578484336,0.005398157837571455,0.04797993913389934,0.039653634489345266,0.061660983272713514
26,144,0.005,10,10,10,5,64,True,False,3,3,False,0.6534083146940578,0.06534083146940578,0.7539540434425528,5.0,16.586727414787212,21.16308233006656,50.26197523309429,3.2322036250091664,3.616622605593987,6.009665036966773,0.001917736247806841,0.002538154164634674,0.005735971319697809,0.034810564557645696,0.039657204983257886,0.06435692859918596
27,237,0.005,24,5,5,32,32,True,False,3,3,False,0.13770323449915106,0.027540646899830212,0.17988247971868876,4.0,19.483471515328937,21.127975859984183,49.3531990190793,3.5150767935698144,3.6170835051012653,5.973162167867025,0.002258050203620657,0.002533943736689657,0.005632260427409172,0.03790303827617465,0.03966225886590756,0.06396602286219938
28,252,0.005,96,96,96,10,64,True,False,3,3,False,0.75124192237854,0.007825436691443125,1.063258334994316,7.0,31.31313132757422,21.10820762235792,46.68760272410604,4.442298271594232,3.6177562226969067,5.702523002521207,0.0036304463216131973,0.002531572870580645,0.005328058616259658,0.04791485371734931,0.03966963538883946,0.061067773902704105
29,98,0.005,48,5,5,32,32,True,False,3,3,False,0.07668305306949398,0.015336610613898797,0.09064396548896067,9.0,22.9502108435788,21.104992654122846,47.20601886379111,3.8282295652625526,3.6178700004875988,5.744736871366148,0.002660384344827134,0.0025311872894593435,0.005387221036660201,0.04128685695749562,0.03967088299182713,0.06151983819022062
30,206,0.001,96,96,96,5,64,True,False,3,3,False,0.7583956917126974,0.007899955122007264,0.9698050807822834,3.0,29.931741316125837,21.165985434591793,45.262229162174705,4.386927500471383,3.617881924230897,5.578763163377119,0.003470287880947771,0.0025385023429730733,0.0051653928667904575,0.04731762178100389,0.03967101373876528,0.059742441611761184
31,220,0.005,10,10,10,32,32,True,False,3,3,False,0.6871751736510884,0.06871751736510884,0.6727040651621241,13.0,13.556693160378613,21.17746197354922,52.75596686304746,2.8919826459390032,3.620752259159994,6.243199358659236,0.0015674075556866966,0.002539878759919153,0.006020589351413335,0.03114641287359029,0.03970248770579678,0.06685782533372459
32,229,0.001,48,48,48,10,64,True,False,3,3,True,0.7558742033110725,0.015747379235647344,1.0183827382113253,0.0,27.49641281165123,22.184358585937883,46.18520001284064,4.136292421948431,3.620801425014644,5.628088030955963,0.0031873792655585974,0.0026606389965534915,0.005270723672111675,0.04460926667224192,0.03970302682214611,0.060270656905194266
33,3,0.005,96,96,96,10,32,True,False,3,3,False,0.7483872274557749,0.007795700285997655,1.0192937498742884,3.0,32.56244624661401,21.174987669366356,48.71530330687543,4.4697604759879725,3.6213129671494295,5.861394908404736,0.003775291968154158,0.0025395820089370246,0.005559462820606199,0.04821106244216549,0.039708636014342547,0.06276911796106172
34,78,0.005,96,96,96,32,32,True,False,3,3,False,0.7464848160743713,0.007775883500774701,0.9930032308806073,51.0,32.357491825419714,21.230341640988513,48.288084090417186,4.45255440213731,3.6213368477871923,5.825962709319241,0.0037515295402851838,0.002546220782600077,0.005510707928633415,0.04802547685983841,0.039708897871729994,0.0623896779269449
35,50,0.005,96,48,48,5,32,True,False,3,3,False,0.3631167593929503,0.007564932487353131,0.5884696759283543,2.0,31.116545899447758,21.173224493850352,46.359632517090965,4.440270123057498,3.6241609925451392,5.670178566383294,0.0036076541953017674,0.002539370545823612,0.005290630168761734,0.047892978004708396,0.03973986535155359,0.060721400426927294
36,127,0.005,48,24,24,5,64,True,False,3,3,True,0.39742536693811414,0.01655939028908809,0.4961819116026163,6.0,26.126932188865798,21.376694166779618,42.761097641739724,3.9028361441785706,3.62471024949654,5.270393722972767,0.003028629316190623,0.002563773295369625,0.004879960020160884,0.04209147723934711,0.03974588809649704,0.05644014274215722
37,53,0.005,24,24,24,5,64,True,False,3,3,False,0.7163117051124572,0.029846321046352386,1.106027148904339,3.0,28.217702488134453,21.195331677475856,45.88651323963495,4.239792472142371,3.6247789007127813,5.643787224462004,0.0032703098520665964,0.002542021928987571,0.00523663709360505,0.045717640265675666,0.03974664087489051,0.06043877806824049
38,182,0.001,24,5,5,5,32,True,False,3,3,False,0.13419928096912123,0.026839856193824247,0.08475688229681867,64.0,9.11131223616421,21.234079172952352,46.119521997520756,2.405956915161211,3.6269574973392307,5.721378816675257,0.001055961738334732,0.002546669036411668,0.005263228399383884,0.025943409604308906,0.03977052975200401,0.06126969901462419
39,150,0.005,96,5,5,32,32,True,False,3,3,False,0.037698389030992985,0.007539677806198597,0.031058914576923207,54.0,21.14659479629811,21.09475904061525,46.061004156816324,3.6832029929857573,3.628213334039159,5.599480332268609,0.0024517374672542096,0.0025299599404211242,0.005256550256425621,0.03972721366971186,0.039784300327169224,0.05996429979369403
40,69,0.005,24,24,24,5,32,True,False,3,3,False,0.7119478076696396,0.029664491986234984,1.344241387421085,0.0,29.011028299636994,21.261801563540832,45.861587116840695,4.290993139135811,3.6329536302417704,5.63604890523998,0.0033622528874128104,0.0025499938687791068,0.005233792487423218,0.04626973655113039,0.039836278904612596,0.06035590914716317
41,60,0.001,24,12,12,10,32,True,False,3,3,False,0.35314294221726333,0.029428578518105278,0.46309911040589213,3.0,23.437358746346,21.23119013412746,46.014503164586564,3.8038643676790316,3.632960112610149,5.684158571844819,0.002716288657690143,0.0025463225450163777,0.0052512434940763415,0.041017031829649456,0.03983634998546332,0.060871110969489856
42,1,0.005,48,48,48,32,64,True,False,3,3,False,0.7349822653664483,0.015312130528467673,0.844677029975823,31.0,20.763387300070455,21.253291877349024,46.137258922360694,3.713577301218352,3.6401114532180823,5.63956130066323,0.0024068881499685686,0.0025489732756958025,0.005265252563609617,0.040050350226447144,0.03991476629020998,0.06039352305410736
43,162,0.005,96,5,5,5,64,True,False,3,3,False,0.038779929195615376,0.007755985839123075,0.05687946257447558,7.0,28.77822127675731,21.287365480308036,46.03503398968219,4.296883453483439,3.640476449153055,5.661689082958081,0.0033365486984935134,0.002553059828680178,0.005253586502351924,0.046346402138429756,0.03991876856531296,0.06063048736017904
44,65,0.001,24,24,24,10,32,True,False,3,3,False,0.7562799736857414,0.031511665570239225,0.8868802011974396,3.0,22.80983832186485,21.295872011881755,46.4881929756584,3.753241257209741,3.64255934162608,5.733872104050315,0.0026435617506211967,0.0025540800434203418,0.005305301679377267,0.040471163330478524,0.03994160802155954,0.06140348843526909
45,110,0.005,24,24,24,32,32,True,False,3,3,False,0.7651518195867538,0.03188132581611474,0.9216586428303872,11.0,20.213883774490792,21.60340922163873,51.21232477914926,3.545150155767011,3.6426495606759857,6.087514373502457,0.0023427018299609545,0.002590963935735774,0.005844426622430717,0.03822731904310947,0.03994259729684361,0.0651906097048886
46,241,0.005,96,48,48,10,64,True,False,3,3,False,0.37402980857425266,0.007792287678630264,0.568447830080986,7.0,29.143732346099142,21.488380670196733,44.354412725324394,4.392208717488274,3.6426931581450925,5.49925573721632,0.003378926073765224,0.002577168204455193,0.0050617915056984045,0.0473745852547157,0.03994307535440108,0.05889100418270969
47,242,0.005,24,12,12,5,64,True,False,3,3,False,0.3463880636475303,0.028865671970627522,0.4419858930632472,6.0,20.277621615733707,21.47997642601607,51.3654976131587,3.53826406077966,3.643507142563486,6.108714593881518,0.002350088770490709,0.0025761602573596298,0.005861906933913909,0.03815306634901289,0.03995200090468754,0.06541764083904161
48,277,0.005,48,24,24,5,32,True,False,3,3,False,0.3700601398944855,0.015419172495603562,0.3582323484122753,16.0,16.10719622481777,23.17088711096554,47.925173690020166,3.1571234773627213,3.6474727573670305,5.798667262550021,0.0018671433115636583,0.0027789564252378974,0.005469292054333936,0.034049082790071954,0.03999548489964615,0.06209737359583758
49,155,0.005,96,5,5,32,64,True,False,3,3,False,0.038653703914447265,0.007730740782889453,0.041109006136788855,22.0,24.187562989266652,21.335600855616867,47.37055096985503,3.877648403153437,3.647875764161292,5.750822541272199,0.0028043075016852127,0.0025588448469876907,0.005405997685153926,0.041824511693072816,0.03999990397368084,0.061585009047699826
50,286,0.001,96,96,96,32,64,True,False,3,3,False,0.7686553200085958,0.00800682625008954,0.9488350735469298,8.0,29.53834962362945,21.47688977999965,45.41276625713203,4.369229965545678,3.6486938877684967,5.57694560704471,0.0034246780245576172,0.002575790066320388,0.005182572383815433,0.04712673527467785,0.04000887491124629,0.05972297757468252
51,275,0.001,96,96,96,32,32,True,False,3,3,False,0.771612544854482,0.00803763067556752,0.9793046225201,2.0,29.663732675329165,21.491881592181112,44.734708808423726,4.399076305894947,3.6505871854965317,5.53490864612137,0.0034392149430814765,0.0025775880808973925,0.005105191459948808,0.047448659410429375,0.04002963541193521,0.059272807777193175
52,95,0.001,24,24,24,32,64,True,False,3,3,False,0.7488865837454796,0.031203607656061647,0.9612120178438002,3.0,22.9020027153037,21.346673201083764,45.27205496986726,3.7794748455378597,3.6514284137099087,5.626340296096474,0.0026542432057821744,0.002560172787753632,0.005166514202568767,0.040754039853785506,0.04003885969750042,0.06025194057959699
53,77,0.005,96,5,5,10,64,True,False,3,3,False,0.03936121612787247,0.007872243225574494,0.05829114526776331,5.0,27.134323834907722,21.5220993953327,45.08590098298385,4.211832864597049,3.653290161473791,5.559798083835177,0.0031459551306245374,0.002581212195840533,0.005145270032898579,0.04542904218736026,0.04005927424464869,0.05953934638724353
54,94,0.001,96,48,48,5,32,True,False,3,3,False,0.3715225209792455,0.007740052520400948,0.5748999467492104,0.0,30.29221198246936,21.48839606535039,45.10056921198983,4.438229004297907,3.653974900995663,5.570418277851661,0.0035120808715939636,0.0025771700508437656,0.005146943992994633,0.04787096239458808,0.040066782591120065,0.05965307703010367
55,124,0.005,96,5,5,5,32,True,False,3,3,False,0.03918203000317921,0.007836406000635841,0.07466101420245,0.0,30.070449160639274,21.52590235434564,44.92997372566134,4.418465840486105,3.6554813427632094,5.551364066512498,0.00348636967674854,0.0025816682965212412,0.005127475382532906,0.047657795910678244,0.04008330111585597,0.05944902730168699
56,174,0.005,48,24,24,32,64,True,False,3,3,False,0.3670913025736809,0.015295470940570037,0.6234833295146625,6.0,28.973372212369142,21.41333334544197,45.03497576808958,4.3863993202921545,3.6593329746115764,5.586779567041857,0.003358588135681661,0.0025681675458129323,0.005139458371682952,0.04730663044313481,0.0401255352581451,0.059828288512561854
57,122,0.005,48,24,24,5,64,True,False,3,3,False,0.36409399956464766,0.015170583315193652,0.5362831234931946,7.0,29.49967062976982,21.600545299340034,44.99852113214202,4.407103811925877,3.664859571800758,5.561896918893561,0.0034195965542928477,0.002590620456643444,0.005135298114444841,0.04752992514630931,0.04018613582986422,0.05956182261131975
58,151,0.005,48,5,5,5,64,True,False,3,3,False,0.0761487798934633,0.015229755978692661,0.0762049921998574,9.0,19.8635924773061,21.65182231597983,52.18337188025758,3.542641999384614,3.6651884650828896,6.14529803523311,0.0023025840947093748,0.0025967702684385552,0.005955243960909799,0.0382068397379867,0.04018974223001416,0.06580940941657372
59,250,0.005,96,48,48,32,64,True,False,3,3,False,0.3737030343876945,0.007785479883076968,0.6488727948069573,9.0,30.35818716102226,21.555020964737164,44.85710243677015,4.455309951251974,3.6687788234089083,5.537946830734649,0.003519730037746958,0.002585160581864224,0.005119159202733548,0.04805519835188327,0.040229111440359205,0.05930534340588881
60,280,0.001,24,5,5,32,64,True,False,3,3,False,0.14356776733290066,0.02871355346658013,0.1872209496796131,3.0,21.69819461739141,21.567241197552864,44.85977153694519,3.69101449534787,3.6699527342670235,5.567521336873373,0.0025147270462275283,0.0025866261923235237,0.005119463804412698,0.039800172773183304,0.04024198367741826,0.05962205396599795
61,284,0.005,48,48,48,5,32,True,False,3,3,True,0.7590551012092166,0.015813647941858678,1.0390488776777471,2.0,27.439618149282545,22.66018632841138,45.578698452411665,4.1348287081246085,3.670605747515876,5.573466359521807,0.003180795638433548,0.0027177064949155806,0.005201508812571456,0.04459348074764136,0.040249144137076524,0.059685718645435544
62,14,0.005,48,5,5,10,32,True,False,3,3,False,0.06788817674598911,0.013577635349197823,0.06784105637381153,10.0,14.639744588309329,21.684622433656322,51.946873707255385,3.0596712087923965,3.672218918045584,6.14110562713058,0.0016970365797708085,0.002600704088379463,0.0059282544378914444,0.032998075319371725,0.04026683297037382,0.06576451331882892
63,178,0.001,24,12,12,5,64,True,False,3,3,True,0.4166442860256542,0.03472035716880451,0.36753046850208193,2.0,17.557571297488597,21.804144022202323,43.228253305404905,3.194185997438211,3.6738008345677495,5.185798916311357,0.002034846685929984,0.0026150386835485603,0.004933272518847834,0.03444287599735964,0.04028417909537146,0.05553422504147316
64,228,0.001,48,24,24,5,32,True,False,3,3,True,0.3980193167924881,0.016584138199687005,0.5094732858240605,0.0,27.22183596188162,22.860633854408924,45.90774942068487,4.015683923654994,3.6738220586074455,5.588690610082649,0.0031555503661398632,0.002741746788997817,0.005239060598150531,0.04330852288663304,0.04028441182247201,0.05984875368986703
65,215,0.005,96,5,5,32,64,True,False,3,3,True,0.04198968198827722,0.008397936397655443,0.043220812255250554,9.0,17.902944065394333,22.261217594425,55.25705608330708,3.2552484899513727,3.6759516334178506,6.33745482550727,0.0020756684072353614,0.0026698569360501458,0.006306017370684023,0.03511127476671366,0.04030776316265686,0.06786719812117756
66,49,0.005,24,24,24,10,64,True,False,3,3,False,0.7311936050653458,0.030466400211056077,1.065390524364287,4.0,26.831375530150144,21.65883741240963,44.605014257183164,4.151033488821201,3.6772883113833768,5.530086714885064,0.003109640544890081,0.002597611610731748,0.005090390524991776,0.044760553026975534,0.040322420183268703,0.059221170176365794
67,85,0.005,24,12,12,10,64,True,False,3,3,False,0.35202997855164786,0.029335831545970654,0.4511965958517976,7.0,22.338076660946843,21.643477156617358,44.78940541966981,3.778153214968951,3.678022173936785,5.569010710051871,0.0025888866115599566,0.0025957694075686663,0.00511143351852166,0.04073978872444121,0.04033046717652286,0.059638003521042454
68,258,0.005,24,5,5,10,64,True,False,3,3,False,0.13287790018049153,0.026575580036098306,0.10569654930044305,14.0,11.146786746884036,21.527718337636486,45.41636636304771,2.644888422244753,3.6782470681813844,5.645875468783908,0.0012918644433418671,0.0025818860930350326,0.0051829832332534916,0.028519805680473808,0.04033293320025004,0.06046114087713179
69,205,0.001,24,5,5,5,64,True,False,3,3,True,0.16045612367716702,0.0320912247354334,0.125680935992436,1.0,14.397826700551096,21.875451062960604,43.3040898831997,2.9044184605434284,3.6785076269224364,5.181798922220866,0.0016686459334157042,0.0026235907583194115,0.004941927101824283,0.03131831551486682,0.0403357902944318,0.05549138948699626
70,263,0.001,48,24,24,10,64,True,False,3,3,True,0.3982880376279354,0.016595334901163977,0.5041765606651704,0.0,27.215267535489332,22.93755072816293,45.85655298783889,4.015508290414207,3.6792837127248794,5.5840497812189085,0.0031547889553248036,0.0027509716684555718,0.0052332179851391335,0.04330662870960793,0.04034430027656388,0.05979905549704137
71,121,0.005,96,48,48,32,32,True,False,3,3,False,0.3776763247119056,0.007868256764831367,0.5730293974280357,84.0,30.04332383597322,21.748194283312678,44.569822282801056,4.448275722679766,3.6799235879768424,5.5209672653438435,0.003483224764982091,0.0026083284576675593,0.005086374364568252,0.0479793268069204,0.0403513166746784,0.05912351086268058
72,97,0.005,10,10,10,10,64,True,False,3,3,False,0.6760490421544422,0.06760490421544421,0.5882783936280193,22.0,12.33375567852258,21.48643453627854,45.46875601151988,2.777458287417164,3.680176976129413,5.576935603177106,0.0014260130853304706,0.0025769347985726116,0.005188962017805666,0.02991299504530104,0.040354095141497494,0.05972287044422032
73,6,0.005,10,10,10,5,32,True,False,3,3,False,0.660294579511339,0.0660294579511339,0.8179501184459889,7.0,17.18876994847627,21.94765114862652,53.623482585890414,3.284972991478111,3.681110439687859,6.251854561733401,0.0019873436369382065,0.002632249938738493,0.0061195915351225354,0.03537888625121723,0.04036433081154624,0.06695051307635734
74,45,0.001,96,48,48,10,64,True,False,3,3,False,0.37844400935702854,0.007884250194938094,0.5675408560037613,0.0,29.916102190120117,21.801159797405287,44.476006174249775,4.4393537310993105,3.6845809100938527,5.50977476761718,0.0034684746797419654,0.002614680776204126,0.005075667930818281,0.04788309375472341,0.040402385419750574,0.05900365147407728
75,271,0.005,24,24,24,32,32,True,False,3,3,True,0.8833020687103271,0.0368042528629303,0.8548734382756294,15.0,23.653765724939994,21.853188086318767,44.61573771186031,3.621422630502072,3.688259121012224,5.151361200936539,0.002741369291893069,0.0026209206904153444,0.005091614301578171,0.03904976438330519,0.04044271795655878,0.05516543483838143
76,273,0.005,24,24,24,32,64,True,False,3,3,False,0.7213383257389069,0.030055763572454455,0.9981940778032425,24.0,25.9480882818505,21.80303045844578,43.915809035689314,4.167938476549166,3.688818092367974,5.448010170830445,0.003007271367543563,0.0026149051303901794,0.005011737400725547,0.04494283934233668,0.04044884722246572,0.05834222030929348
77,21,0.001,48,48,48,5,32,True,False,3,3,False,0.7577596770392524,0.01578665993831776,1.071506240006004,3.0,27.784320693006023,21.724923522374613,44.6595190765873,4.272449531483623,3.689225100848563,5.528030295374082,0.00322075349577936,0.002605537523064179,0.0050966106959945585,0.04607769979760493,0.04045331017602899,0.05919914817633348
78,134,0.001,24,24,24,10,64,True,False,3,3,False,0.7335885718464852,0.03056619049360355,0.9739548967730615,2.0,25.006234441892705,21.695800070585324,44.62756695158549,3.9645222341977435,3.689368423103608,5.543107950285593,0.0028981145751606277,0.002602044657077332,0.005092964271997813,0.042749404014281886,0.04045488174173181,0.05936061334196492
79,71,0.001,48,24,24,5,32,True,False,3,3,False,0.36997184082865714,0.015415493367860715,0.5684796057641506,0.0,29.427554908039838,21.838878598419406,44.40626646057116,4.412678249092461,3.6896284921975213,5.506171984903147,0.003411236912701144,0.002619204509107768,0.00506770913103675,0.04759004457906321,0.04045773346680569,0.058965069618273476
80,48,0.001,48,24,24,10,32,True,False,3,3,False,0.37579854130744933,0.015658272554477055,0.4616585701704025,3.0,22.730189193704245,21.76746447690593,43.58844657782629,3.717019224696429,3.6896383356992573,5.4164254078919285,0.0026348794744432053,0.0026106395918095143,0.004974378310464173,0.040087470832689646,0.040457841403355524,0.05800398210121487
81,141,0.005,48,48,48,10,32,True,False,3,3,False,0.7583877907858955,0.015799745641372823,1.2009872889944486,5.0,29.545739157680686,21.808809583572657,44.4872392821726,4.4206998813220215,3.6915155125479027,5.499434447649331,0.0034249368098259506,0.00261559823880794,0.0050769498697905875,0.04767655662772213,0.040478425134420355,0.05889291797565929
82,114,0.005,24,12,12,10,32,True,False,3,3,False,0.36135029928250745,0.030112524940208954,0.5340860243886709,4.0,27.580112822182446,21.846758163174858,44.222231825774784,4.231037101798948,3.69243320790998,5.493605439680135,0.0031964159633981093,0.0026201495297709988,0.0050467068249768,0.045623231193914864,0.040488487902105824,0.05883049568633533
83,38,0.005,48,24,24,5,32,True,False,3,3,True,0.40685798302292825,0.016952415959288678,0.5024692786236604,4.0,26.557845949168748,22.338141643808704,42.7677118190302,3.9447441656102473,3.694275523044935,5.268837928696889,0.0030785807623753235,0.0026790826761034477,0.004880714839904152,0.042543448694225786,0.04050868936543729,0.056423481889928045
84,58,0.005,48,24,24,10,32,True,False,3,3,False,0.3700904369354248,0.015420434872309367,0.5810188862184683,19.0,29.280281282165454,21.885467983923597,44.40320178042477,4.396264595752311,3.6945211435574965,5.505244603275728,0.0033941649802752263,0.0026247921187480348,0.005067359385183305,0.047413025895608626,0.04051138265806884,0.058955138377045746
85,7,0.005,24,24,24,10,32,True,False,3,3,True,0.8714480817317962,0.03631033673882484,0.8077095062021287,37.0,23.35778744368303,21.93295152665438,44.580648093734325,3.612405225711281,3.6979157388924535,5.127628663741495,0.0027070666873631856,0.0026304869674403978,0.005087609822202731,0.03895252979669179,0.04054860527643808,0.05491128536543346
86,70,0.001,24,12,12,10,64,True,False,3,3,False,0.35500979152592743,0.029584149293827286,0.49549842067062855,3.0,26.139712841143346,21.92355118700364,44.2551988144566,4.102060291571551,3.703169956019843,5.498150069528959,0.0030294798263795306,0.0026293595555227293,0.005050469066725134,0.0442324755257227,0.04060621913012719,0.058879163693103004
87,248,0.001,24,24,24,32,64,True,False,3,3,True,0.8919332057237626,0.03716388357182344,0.8626168330590571,2.0,23.888717979070996,22.127104404606424,43.99377584006125,3.6293415750343105,3.704212505100195,5.176140393434409,0.0027685992434375996,0.0026537723248408022,0.005020635088325206,0.03913515428382213,0.04061765095121925,0.055430792842949314
88,240,0.005,48,5,5,10,32,True,False,3,3,True,0.07113171131773428,0.014226342263546857,0.0492177483805966,16.0,9.804621295015325,21.134415006746043,44.47660661235541,2.3986078449324064,3.7068125044611357,5.070215614460133,0.0011365499505864244,0.0025347160035511383,0.005075736453707348,0.025868610359593005,0.04064616061862377,0.05429645450705219
89,132,0.001,24,24,24,5,64,True,False,3,3,False,0.7513843327760696,0.031307680532336235,1.0307627137630218,1.0,23.064649736574292,21.83492058614554,44.55372625253568,3.83980690421692,3.7072206596943764,5.539581386837549,0.0026730932931092405,0.002618729812408114,0.005084537461670286,0.04140459984541245,0.040650636146627325,0.0593228477109971
90,234,0.001,48,5,5,10,32,True,False,3,3,False,0.0740610184147954,0.01481220368295908,0.046410201357737664,24.0,10.84575995790576,22.24504369411009,44.68612595665809,2.5695278043921044,3.708248074494261,5.5942085569876205,0.0012572385585659426,0.002667917149973505,0.005099647112694955,0.02771195538294965,0.04066190201640839,0.05990784485597911
91,221,0.005,24,24,24,10,32,True,False,3,3,False,0.7476413831114769,0.031151724296311536,1.0794474299876922,7.0,27.956700546666347,22.012317048878277,44.10070101877812,4.274852022252804,3.7088599770491726,5.4783751176995965,0.0032400608542628036,0.0026400055209109758,0.005032837548646935,0.046095687047530365,0.040668611686643916,0.0586673956236505
92,287,0.001,10,10,10,32,64,True,False,3,3,False,0.6849048334089193,0.06849048334089193,0.6836431446400556,3.0,14.722527266368616,22.345384856117857,55.89949571404694,3.0172998726537212,3.7105602400220645,6.517011129002512,0.0017021998066278504,0.002679951377042237,0.006379333536224107,0.03249606899580488,0.04068725551117156,0.06979004941696451
93,163,0.001,96,5,5,5,32,True,False,3,3,False,0.04010879959572445,0.00802175991914489,0.05907529718907816,0.0,29.67965832647101,22.034800580389472,44.182045275308425,4.44204875674587,3.7107407745702314,5.483076220618354,0.003441061364028726,0.002642702040645238,0.0050421206761069315,0.04791216243758181,0.04068923511932093,0.05871773928557157
94,79,0.005,48,48,48,5,32,True,False,3,3,False,0.7553975780804952,0.015737449543343652,1.0694518695984567,2.0,28.965370164203506,21.97198419903253,44.36700555396905,4.360619514827993,3.711820169011618,5.49595232831947,0.0033576605396865083,0.0026351682770156416,0.005063228618020486,0.047028599274301836,0.04070107095935402,0.05885562829250604
95,253,0.001,48,24,24,10,64,True,False,3,3,False,0.3696756660938263,0.01540315275390943,0.5136860124766827,3.0,27.96700925301813,21.939170006741502,44.32371247770198,4.291735274835477,3.7181740069810787,5.5098514730814445,0.0032419307210496545,0.0026312327690625175,0.005058287947808904,0.04628569352251426,0.04077074244080623,0.05900447290556414
96,270,0.005,10,5,5,5,32,True,False,3,3,False,0.2767305313186212,0.055346106263724236,0.20669373057105325,24.0,8.195648454224738,21.837348884856535,43.79714877192739,2.240717138468808,3.7246115153506247,5.4452806529292355,0.0009475704110828373,0.0026190210458111774,0.004998195715056218,0.024132337455648505,0.04084133138989859,0.0583129901629213
97,37,0.005,10,5,5,5,32,True,False,3,3,False,0.2767305313186212,0.055346106263724236,0.20669373057105325,24.0,8.195648454224738,21.837348884856535,43.79714877192739,2.240717138468808,3.7246115153506247,5.4452806529292355,0.0009475704110828373,0.0026190210458111774,0.004998195715056218,0.024132337455648505,0.04084133138989859,0.0583129901629213
98,56,0.005,48,48,48,32,32,True,False,3,3,False,0.771764854590098,0.016078434470627043,1.2444177227360862,9.0,29.256333120875457,22.19914631758137,43.99537662318514,4.415260089540788,3.7254901882435303,5.464469916023565,0.003391388913692765,0.0026624125351180083,0.005020817772074604,0.04761788932438476,0.04085096626608757,0.05851848614767855
99,34,0.001,24,24,24,5,32,True,False,3,3,False,0.7548528283834457,0.03145220118264357,1.1022802514414634,0.0,28.048506426845435,22.184613853867198,43.95720506868982,4.29091241033566,3.7290954336701043,5.460978209526458,0.0032507007592853182,0.002660669611628734,0.005016461577539907,0.04626886605327735,0.04089049871735176,0.05848109379646741
100,184,0.001,24,12,12,5,32,True,False,3,3,False,0.3663130544803359,0.030526087873361325,0.5379069838672876,0.0,27.931809027724192,22.190233778522103,43.977078611832965,4.2813479477208904,3.729614718318023,5.463290492682116,0.0032371760347186308,0.002661343626639653,0.005018729575822133,0.04616573254756225,0.04089619280821303,0.0585058558158203
101,218,0.005,10,5,5,32,32,True,False,3,3,False,0.279738128523935,0.055947625704786993,0.23784067301136075,17.0,10.905395514850827,21.729126360137176,43.45656643994958,2.6464354616250176,3.730237725682319,5.391038554156268,0.0012608679067610924,0.002606041582444753,0.004959327953111713,0.028501890094959383,0.040903024245563926,0.05773211671051941
102,40,0.005,10,5,5,32,32,True,False,3,3,False,0.279738128523935,0.055947625704786993,0.23784067301136075,17.0,10.905395514850827,21.729126360137176,43.45656643994958,2.6464354616250176,3.730237725682319,5.391038554156268,0.0012608679067610924,0.002606041582444753,0.004959327953111713,0.028501890094959383,0.040903024245563926,0.05773211671051941
103,236,0.001,48,24,24,5,64,True,False,3,3,True,0.40273269861936567,0.016780529109140237,0.4900053339699904,2.0,26.28244782515855,22.61295409382253,42.510798983755414,3.9073792654049084,3.730726351336795,5.240144238844786,0.003046656660993201,0.002712041786388866,0.0048513955652842375,0.04214047409102872,0.04090838215260949,0.05611620390726181
104,4,0.001,10,5,5,5,32,True,False,3,3,False,0.2770809991793199,0.055416199835863975,0.20182089281804633,31.0,8.61081667284881,22.038754424171866,43.83632549842241,2.287728366265114,3.730936237953229,5.443237056732178,0.0009955716304845001,0.0026431762374047683,0.005002666621313542,0.024638644474016775,0.040910683613801006,0.058291105486532414
105,219,0.001,10,5,5,5,32,True,False,3,3,False,0.2770809991793199,0.055416199835863975,0.20182089281804633,31.0,8.61081667284881,22.038754424171866,43.83632549842241,2.287728366265114,3.730936237953229,5.443237056732178,0.0009955716304845001,0.0026431762374047683,0.005002666621313542,0.024638644474016775,0.040910683613801006,0.058291105486532414
106,211,0.001,48,48,48,10,64,True,False,3,3,False,0.7647598253356086,0.015932496361158514,1.113586028771741,3.0,28.09862648082685,22.17832064421175,44.06034318014946,4.308982585663995,3.735881842986571,5.472071423233374,0.003257187766606159,0.0026599148474574868,0.005028231852117393,0.04647170307156011,0.04096491345582824,0.05859988996199078
107,231,0.001,24,24,24,32,32,True,False,3,3,True,0.8634407058358192,0.03597669607649247,0.86060687250668,2.0,23.797823297707883,22.58034458439252,42.83704599968574,3.626674263511795,3.7430133742683775,5.1491918607900615,0.002758064942422581,0.0027081308266867017,0.004888627359654332,0.039106392690073356,0.04104311254617559,0.05514220358205427
108,216,0.005,10,5,5,32,32,True,False,3,3,True,0.3456523540345105,0.0691304708069021,0.2850356967837522,1.0,11.191241942111057,22.2178875541065,67.97282855948868,2.549840914671779,3.7436374117320264,6.239174211996573,0.0012939171057474049,0.0026646602297966367,0.007757160225554476,0.02746157484792023,0.041049955278833095,0.06681472042275587
109,200,0.005,10,5,5,32,32,True,False,3,3,True,0.3456523540345105,0.0691304708069021,0.2850356967837522,1.0,11.191241942111057,22.2178875541065,67.97282855948868,2.549840914671779,3.7436374117320264,6.239174211996573,0.0012939171057474049,0.0026646602297966367,0.007757160225554476,0.02746157484792023,0.041049955278833095,0.06681472042275587
110,146,0.001,48,5,5,5,32,True,False,3,3,False,0.07224900410933928,0.014449800821867856,0.05690034071824724,20.0,13.51173574774929,22.356425746924437,47.361152113349505,2.809646032048368,3.7451387018242803,5.762359802104808,0.0015662779963004452,0.0026812755453531163,0.005404925073679672,0.03030159290314669,0.041066417314113125,0.06170856047145924
111,233,0.005,24,24,24,32,64,True,False,3,3,True,0.8866003721952438,0.03694168217480182,0.8800923276332117,11.0,24.874399481260546,22.610360397611995,42.4768589163252,3.718068530416212,3.7458428166062148,5.134479824851619,0.002882835472590762,0.0027117307163502065,0.004847522274342816,0.040091896165570115,0.04107413811533682,0.054984653795066986
112,244,0.001,48,5,5,5,64,True,False,3,3,True,0.07452362022277983,0.014904724044555968,0.05041607469320297,24.0,10.92894169127816,22.19029129944157,44.56630542104086,2.5389800527597135,3.7470461804551563,5.54555923320629,0.0012668809702521704,0.002661350525302098,0.005085973015076946,0.027382502660609286,0.041087333312080074,0.059386863896518836
113,62,0.005,24,24,24,10,64,True,False,3,3,True,0.8422207206487655,0.035092530027031894,0.8141862726019274,30.0,22.180550102875646,22.31509544120396,44.402156371234,3.5268402827234033,3.748033726382253,5.122112175475613,0.0025706299638034993,0.002676318673478124,0.005067240081532627,0.03802988386329397,0.04109816200932946,0.054852209819748005
114,44,0.001,24,24,24,5,64,True,False,3,3,True,0.8813526719808579,0.036723027999202414,0.8636877632910206,2.0,24.00990725946956,22.685080599107966,42.62892163664442,3.643498936869267,3.752229946595901,5.157192694127595,0.0027826445576448404,0.0027206921420844864,0.00486487589800168,0.039287812976372356,0.0411441746524264,0.055227883741708804
115,22,0.005,10,5,5,5,64,True,False,3,3,False,0.289662895554846,0.0579325791109692,0.24268715433550603,16.0,10.033924612086146,22.725670623664104,58.30954713837685,2.478450686304508,3.752645198459731,6.739776467923763,0.0011601095535701644,0.0027255602297412366,0.006654372186910699,0.0266927080184497,0.04114872799682516,0.0721756221440868
116,166,0.005,10,5,5,5,64,True,False,3,3,False,0.289662895554846,0.0579325791109692,0.24268715433550603,16.0,10.033924612086146,22.725670623664104,58.30954713837685,2.478450686304508,3.752645198459731,6.739776467923763,0.0011601095535701644,0.0027255602297412366,0.006654372186910699,0.0266927080184497,0.04114872799682516,0.0721756221440868
117,88,0.005,10,10,10,5,32,True,False,3,3,True,0.8309144987301393,0.08309144987301394,0.6726704712844256,7.0,13.930277082242888,22.796739654154482,70.5331124500583,2.838255726142596,3.7576393651763533,6.342943917027227,0.0016106008517867009,0.002734083759201755,0.00804934362858401,0.03056777841022136,0.04120349033030593,0.06792598027772892
118,278,0.001,48,24,24,5,64,True,False,3,3,False,0.3664049834012985,0.015266874308387439,0.5424319016436736,1.0,26.075311697558153,22.403309715211947,43.278264050867136,4.097695186878774,3.7630349519564543,5.382814358913432,0.0030226454780514817,0.002686898485221118,0.00493897981945267,0.04419300153032469,0.041262654338906794,0.05764404458956537
119,203,0.005,48,24,24,32,32,True,False,3,3,False,0.363576328754425,0.015149013698101043,0.29143025626738867,43.0,17.68869001462954,22.572636286367608,43.767572715900364,3.441370160972275,3.7637015015381747,5.416473462228968,0.0020504697894131525,0.0027072063465741624,0.004994820451582508,0.037114638804089446,0.04126996322796613,0.05800449671051817
120,0,0.005,24,24,24,5,64,True,False,3,3,True,0.8912110269069672,0.0371337927877903,0.8736382965599337,36.0,25.1386515296783,22.84132905113573,42.41861654566288,3.7375087382358165,3.7642091596190643,5.139106707597687,0.0029134611437534918,0.0027394315040095004,0.004840875568435199,0.040301519734088215,0.04127552983050412,0.055034202640251176
121,64,0.001,24,5,5,10,32,True,False,3,3,False,0.13738288239321925,0.02747657647864385,0.08608617811379107,52.0,9.263060653066091,22.161060915070728,44.25205565238333,2.4374408906386944,3.770510949502444,5.505364381295664,0.001073548724484239,0.002657844834558774,0.005050110364397543,0.02628290100028415,0.04134463059119175,0.05895642106841529
122,243,0.005,24,24,24,5,32,True,False,3,3,True,0.8687059804797173,0.03619608251998822,0.7771797713733488,21.0,23.50915214828613,22.638949394965294,46.59412915644206,3.618534708115739,3.7706956172925232,5.164880458797915,0.0027246092029144364,0.002715159483557331,0.005317391273784875,0.039018623944795265,0.0413466555214108,0.055310211278922904
123,172,0.001,24,24,24,10,32,True,False,3,3,True,0.8954414844512939,0.03731006185213725,0.87331866929608,2.0,25.025851480961894,22.94094240802733,42.488478088541534,3.7302261093062694,3.7728013261115056,5.137432255188624,0.0029003881052668905,0.0027513784431511795,0.004848848271546117,0.04022299121841744,0.04136974516480911,0.055016271089412656
124,135,0.001,24,12,12,5,64,True,False,3,3,False,0.35919074985114013,0.029932562487595012,0.5075771128758788,1.0,24.29967303045119,22.427976226654348,43.6846950056439,3.9378760386761553,3.7731392454078314,5.438246765725406,0.0028162271590643343,0.002689856816515591,0.004985362324104058,0.042462078351691315,0.041373450537545944,0.058237664937011525
125,180,0.001,24,12,12,32,64,True,False,3,3,False,0.3571472587910565,0.029762271565921376,0.4623185930540785,3.0,22.830694015891996,22.44732463190212,43.81923440828703,3.836851546718198,3.7754531681713015,5.453740175006212,0.0026459788354875977,0.0026921773308240813,0.005000716160704219,0.04137273225475305,0.04139882330085402,0.058403582376454384
126,17,0.001,96,5,5,10,64,True,False,3,3,False,0.04043283271179958,0.008086566542359916,0.05539924551599792,1.0,26.168213774990168,22.66068654322359,43.65048125381325,4.185540188850089,3.7764127308651942,5.413227257198757,0.0030339442724127115,0.0027177664872309257,0.004981457799892071,0.0451454480576484,0.04140934515469277,0.05796973341105597
127,16,0.001,96,48,48,10,32,True,False,3,3,False,0.38462505406803554,0.008013021959750741,0.5227967900037765,3.0,25.264837348501313,22.69049579073394,43.13322330119335,4.05732297278461,3.7787303460680066,5.359175945063263,0.002929206755418029,0.002721341602827652,0.0049224275535208585,0.04376249068373518,0.04143475840655601,0.05739090307452326
128,9,0.005,48,48,48,10,64,True,False,3,3,False,0.7817317810323503,0.016286078771507298,1.0379034376570158,15.0,26.86444982370782,22.51170627368089,43.76091135675468,4.241526443833392,3.7818267801246774,5.433084018591949,0.0031141222287891413,0.002699898820995418,0.004994060247375796,0.04574419913503125,0.041468711609169026,0.05818237757130982
129,103,0.001,48,48,48,10,32,True,False,3,3,False,0.7706129286024306,0.016054436012550636,1.018929393163749,3.0,24.23536083578559,22.683832337406013,43.095089677269236,3.8847414389097343,3.789118156727173,5.342814096423646,0.002809358702549788,0.0027205424341833423,0.004918075687679326,0.041896328673832264,0.041548663444919885,0.05721568560097468
130,115,0.001,48,5,5,5,32,True,False,3,3,True,0.07709683782675049,0.015419367565350098,0.06775034113877243,5.0,16.07948946308662,22.504904791976468,43.582371776288596,3.0726847598970215,3.7897836070708943,5.217397285743996,0.0018639315486888948,0.0026990830981794066,0.004973685045083507,0.033138424432142044,0.041555960280549434,0.05587260896019709
131,81,0.001,24,12,12,32,32,True,False,3,3,True,0.41409300741824234,0.03450775061818686,0.38359045574907213,1.0,17.934094959722795,23.15029591686589,43.202592008295994,3.2253396211514302,3.791222334075296,5.204295765743895,0.002078484152256609,0.002776486859404163,0.0049303440134805,0.03477880521353033,0.04157173629534298,0.055732306034493126
132,68,0.001,24,24,24,10,64,True,False,3,3,True,0.8949505969882011,0.03728960820784171,0.8755768008770481,1.0,24.75646096156662,23.18691912415652,42.54417321957775,3.7088937701967866,3.7943007858419935,5.141120906781998,0.002869166907509839,0.002780879194351277,0.004855204282681554,0.0399929648169271,0.04160549231748202,0.055055772506839726
133,39,0.005,10,5,5,32,64,True,False,3,3,False,0.2862154506146908,0.057243090122938156,0.24192012959357465,20.0,9.88781111199342,22.4426712172173,43.31277442835971,2.4970975869867837,3.7979443079488466,5.379488133324517,0.001143216097229166,0.0026916192323544045,0.00494291819502608,0.026893533589888916,0.04164544448247402,0.05760842435758674
134,101,0.005,10,5,5,32,64,True,False,3,3,False,0.2862154506146908,0.057243090122938156,0.24192012959357465,20.0,9.88781111199342,22.4426712172173,43.31277442835971,2.4970975869867837,3.7979443079488466,5.379488133324517,0.001143216097229166,0.0026916192323544045,0.00494291819502608,0.026893533589888916,0.04164544448247402,0.05760842435758674
135,186,0.001,96,5,5,10,32,True,False,3,3,False,0.040765272453427315,0.008153054490685463,0.05462029227055609,2.0,25.85620053490541,22.853927427651936,43.47165617289212,4.171320079274839,3.7992607905212066,5.393464825948079,0.002997769438669309,0.002740942466416749,0.004961050015863503,0.04499206923693759,0.041659880055361344,0.05775809942328414
136,102,0.001,24,24,24,32,32,True,False,3,3,False,0.7629588454961777,0.031789951895674066,0.988329162520747,1.0,22.339181335759744,22.656387796611327,43.591977560261775,3.7772348336749726,3.8091954050246386,5.422592433254903,0.0025890146385999144,0.002717250925204258,0.0049747812714279315,0.0407298858280375,0.04176881568032339,0.05807002418650797
137,41,0.001,48,24,24,32,32,True,False,3,3,False,0.3766040436923504,0.015691835153847932,0.5354509609440963,1.0,25.98294586710757,22.847399809876208,43.185354159814246,4.137164979030663,3.811161069585023,5.364902265460399,0.0030119384474711314,0.0027401595889519166,0.004928376804590557,0.04461867706386741,0.0417903697021002,0.05745222569245083
138,74,0.001,48,48,48,32,64,True,False,3,3,False,0.7889159520467123,0.016435749000973172,1.1924771959228175,5.0,27.450081237128394,22.82970648582043,43.33305236843794,4.275808455418379,3.814355241691161,5.362456197591986,0.0031820085177091837,0.002738037573668982,0.004945232343687605,0.0461139252667575,0.04182539462777782,0.057426030985393464
139,117,0.001,24,24,24,5,32,True,False,3,3,True,0.9018096119165421,0.03757540049652259,0.8798426387290801,1.0,25.296472414268102,23.433279376454706,42.2862130448232,3.7541035583337607,3.814868751504105,5.140450959954321,0.0029317519026823215,0.0028104259442348098,0.004825765484123512,0.04048046151496459,0.04183102539607566,0.05504859811028204
140,195,0.001,96,48,48,32,32,True,False,3,3,False,0.4007422659132216,0.00834879720652545,0.5512094205617905,1.0,29.06984054227339,22.947309090737356,43.32313338414151,4.444055386644998,3.814978752220779,5.381331532145685,0.00337035905360393,0.0027521420191739597,0.00494410037445677,0.047933806049109746,0.04183223158246699,0.05762816513940802
141,52,0.001,48,48,48,32,64,True,False,3,3,True,0.7749672995673286,0.016145152074319345,1.0024895423224993,0.0,27.291127730651805,23.85751377223708,44.25951785047418,4.135429546028105,3.8158749876379305,5.4448547814000205,0.003163582655608487,0.0028613056923566856,0.005050961961534992,0.04459996069043304,0.04184205903628987,0.058308429545411086
142,281,0.001,48,48,48,5,64,True,False,3,3,False,0.7881989611519707,0.016420811690666056,1.0973509081772395,2.0,26.689705438098535,22.815815057555106,43.24065247470725,4.20087517427938,3.8163326102646775,5.3567756654180405,0.0030938658907977436,0.0027363715315511824,0.004934687530477928,0.04530578155254179,0.04184707698709452,0.05736519870917254
143,73,0.001,96,5,5,5,64,True,False,3,3,False,0.04026491330428557,0.008052982660857114,0.05550741301184254,1.0,24.85440300397615,23.191935568522887,43.058062279511105,3.970235498264041,3.819223289560783,5.329113482722529,0.0028816209729308918,0.002781480832097687,0.004913850066012077,0.04282316078125005,0.04187877403538737,0.05706896703807574
144,272,0.001,10,10,10,5,32,True,False,3,3,True,0.8556653179905631,0.08556653179905631,0.6562002793405995,6.0,13.909364535063004,24.014782155150257,55.29672901768591,2.8563999863065446,3.821971414401471,5.779228652200581,0.0016081829697803273,0.002880167377759163,0.006310544904922578,0.030763190585030135,0.04190890793709948,0.061889207375152896
145,214,0.005,48,24,24,10,64,True,False,3,3,False,0.37659543603658674,0.015691476501524446,0.5721085632840792,3.0,27.113863370893064,22.998084699438333,42.6221956604641,4.194593116978672,3.827666746568128,5.258426341003683,0.00314303420266345,0.002758231695558347,0.004864108319602933,0.04523803054734435,0.041971358731614644,0.05631198519224954
146,131,0.001,48,24,24,32,64,True,False,3,3,True,0.4021810606122017,0.01675754419217507,0.49907890930771825,0.0,27.105053499832373,24.297361517852398,44.15262322858438,4.002333802167163,3.830353530137325,5.423850183603429,0.0031420129639824833,0.002914057997995671,0.005038762988403786,0.04316454391493428,0.04200082001037358,0.05808349331480011
147,27,0.001,10,10,10,10,64,True,False,3,3,False,0.6939055255868218,0.06939055255868218,0.7688352316617966,2.0,16.82112008676196,23.74065298867807,58.40171708324655,3.231549404815819,3.832608175231197,6.605342739145592,0.0019448364292968643,0.002847290215790147,0.00666489075801458,0.03480351866050629,0.042025542778658526,0.070735984189046
148,25,0.001,96,48,48,5,64,True,False,3,3,False,0.3941078550285763,0.00821058031309534,0.5475276464223862,2.0,26.509876710803304,23.202518480924674,42.98452949230793,4.117439091896035,3.8350874219954987,5.33452397016652,0.0030735566936547255,0.0027827500736366854,0.004905458395042148,0.044410906183364594,0.04205272836251898,0.057126907431088975
149,230,0.001,48,48,48,10,32,True,False,3,3,True,0.7768994205527835,0.016185404594849656,1.0032824065004076,0.0,27.305342705672313,24.045332198155272,44.102451434563335,4.137472798382638,3.8381665681841923,5.42852553999219,0.0031652304529757713,0.0028838313392593636,0.005033037308698047,0.04462199684742194,0.042086491999175336,0.05813356125959177
150,113,0.005,48,24,24,10,64,True,False,3,3,True,0.4029886767268181,0.01679119486361742,0.4983184209714333,8.0,27.116510437486916,24.375258781997843,44.03305318829662,4.002481755577028,3.842442271647406,5.411315995580871,0.00314334105015056,0.0029234004587166936,0.005025117477685097,0.04316613956931324,0.04213337619672086,0.05794926589302958
151,188,0.005,10,10,10,10,32,True,False,3,3,True,0.8366905667565085,0.08366905667565086,0.7027949390537811,3.0,15.524431743421829,23.794155892373883,48.480781744570294,3.0084707992043307,3.845272923048648,5.502410208619671,0.0017949149784918636,0.002853706985130152,0.005532698871338498,0.032400980608143864,0.042164415023575944,0.058924785115527886
152,92,0.001,48,24,24,32,64,True,False,3,3,False,0.3787465028464794,0.015781104285269975,0.537976548075676,1.0,24.05837365523331,23.11035392510199,43.108311619055584,3.994373395936866,3.8473148217217905,5.3453849115962955,0.002788842380168893,0.002771696492332004,0.00491958459532821,0.043078692179098974,0.042186804972173454,0.05724321621499231
153,24,0.005,96,48,48,10,32,True,False,3,3,False,0.3463496168454488,0.007215617017613516,0.4422732511162758,60.0,18.54402859531372,23.090846218055855,49.1545835865862,3.4258698984238154,3.850945518541628,5.826967120458653,0.002149995786031855,0.002769356872464284,0.005609594139044133,0.03695160590347709,0.0422266165045666,0.06240043406985564
154,82,0.001,96,96,96,10,32,True,False,3,3,True,0.8527921239535013,0.008883251291182306,1.2646031433885747,6.0,32.688649018374484,23.558575992037763,50.29726791572268,4.363178176795784,3.8512555323089632,5.969474082756395,0.0037899239250709592,0.002825453156325033,0.005739998973096085,0.047061460375301185,0.04223001588593965,0.06392652751118189
155,72,0.001,48,48,48,32,32,True,False,3,3,False,0.8012516763475206,0.016692743257240013,1.069862146462713,3.0,27.227876170840098,23.082550717518288,43.44103974058827,4.2820982046859655,3.8539009007101828,5.3901667311933394,0.0031562505460842713,0.002768361967331432,0.004957556023102735,0.046181759228614366,0.04225902303663907,0.05772278044172052
156,254,0.001,96,5,5,32,32,True,False,3,3,False,0.040909956717355686,0.008181991343471137,0.054152962286025286,1.0,21.511051492071992,23.65171108277117,42.932963808747026,3.656697671154465,3.858814975447272,5.329480604242395,0.0024939925983913,0.0028366231368945824,0.004899573642590334,0.03944132592858505,0.04231290714078927,0.05707289850734997
157,99,0.001,96,5,5,32,64,True,False,3,3,False,0.04217181744223291,0.008434363488446582,0.058703656075522304,0.0,28.827366141751497,23.350570405345593,43.144756793843,4.445889265653347,3.861927896282971,5.3547480109885885,0.0033422465570844624,0.0028005064005596904,0.004923743772844662,0.0479535863607971,0.04234704112521082,0.057343484751649555
158,54,0.005,10,5,5,32,64,True,False,3,3,True,0.32410861822691833,0.06482172364538366,0.23718989730784387,3.0,9.240920078782,24.530686856855077,57.71617538350213,2.297583513565207,3.8651519036603816,5.93709002883346,0.001068423381840066,0.002942041430260785,0.006586655720295613,0.024744783591818805,0.0423823932023769,0.06357972977233113
159,46,0.005,10,5,5,32,64,True,False,3,3,True,0.32410861822691833,0.06482172364538366,0.23718989730784387,3.0,9.240920078782,24.530686856855077,57.71617538350213,2.297583513565207,3.8651519036603816,5.93709002883346,0.001068423381840066,0.002942041430260785,0.006586655720295613,0.024744783591818805,0.0423823932023769,0.06357972977233113
160,109,0.005,24,5,5,10,32,True,False,3,3,False,0.1339906332167712,0.026798126643354243,0.08214056977268422,39.0,10.913673597813732,24.153952116448483,58.567931947848614,2.5502009263275363,3.8824970117494377,6.513574277383309,0.0012648476361311646,0.0028968584632708084,0.006683859445413819,0.027498791349125286,0.04257258681170747,0.06975324450139891
161,177,0.005,10,5,5,10,32,True,False,3,3,False,0.28044104000384157,0.056088208000768316,0.2540459338236939,9.0,9.60035111044329,23.252232006865587,44.41057226792662,2.4169873926673984,3.885425032006518,5.4995662887008105,0.0011099803388434683,0.0027887123711384217,0.005068200516172024,0.026030753451439997,0.04260469331332325,0.0588943298488809
162,100,0.005,10,5,5,10,32,True,False,3,3,False,0.28044104000384157,0.056088208000768316,0.2540459338236939,9.0,9.60035111044329,23.252232006865587,44.41057226792662,2.4169873926673984,3.885425032006518,5.4995662887008105,0.0011099803388434683,0.0027887123711384217,0.005068200516172024,0.026030753451439997,0.04260469331332325,0.0588943298488809
163,267,0.001,48,24,24,10,32,True,False,3,3,True,0.4034809395670891,0.01681170581529538,0.4992453295737505,0.0,27.100722229667067,24.815996982793,43.752249883044016,4.000630795234953,3.8914476335707557,5.381558640889238,0.003141510883917967,0.0029762595594098155,0.004993071787122089,0.04314617725159575,0.04267073270167304,0.05763059722524029
164,10,0.005,48,24,24,32,32,True,False,3,3,True,0.4042294040322304,0.016842891834676268,0.49826797284185886,27.0,27.112666779786654,24.84583079566509,43.71208830064765,4.00102080714501,3.89485386159382,5.377946688290352,0.003142895494035963,0.0029798376212066386,0.004988488487645479,0.04315038346903066,0.042708082875484776,0.057591917170015876
165,257,0.005,48,48,48,10,32,True,False,3,3,True,0.781948619418674,0.016290596237889043,1.0294717566243239,2.0,27.354293855213,24.68629935097138,43.73076872222744,4.142597212739995,3.9111451791703726,5.387453680294896,0.0031709048614937123,0.002960704519779147,0.004990620325121516,0.044677262854581734,0.042886721398503844,0.05769372663890738
166,239,0.001,48,48,48,32,32,True,False,3,3,True,0.7818215290705363,0.01628794852230284,0.9974028345729623,0.0,27.266591269914198,24.68785852828051,43.722096306981406,4.136642784132628,3.9122262354950643,5.386807605127543,0.0031607383934590585,0.0029608915167542967,0.00498963061620353,0.0446130452735864,0.04289857546151845,0.05768680788167894
167,256,0.001,24,12,12,10,32,True,False,3,3,True,0.4315046993168918,0.03595872494307432,0.35732316167559475,4.0,16.739024627692388,24.5427077334805,43.273053245040025,3.123911629006467,3.9208320122691083,5.362323861627485,0.001939980662031104,0.0029434831313132842,0.004938385154546681,0.03368510817806904,0.042992940036091574,0.0574246138121956
168,183,0.001,48,24,24,32,32,True,False,3,3,True,0.40446707755327227,0.01685279489805301,0.49815681067605816,0.0,27.083724369974615,25.082036093996646,43.53458378010187,3.9983769771449085,3.9227134360363425,5.358313590154903,0.0031395404950562015,0.0030081664559348984,0.0049682314079297395,0.04312187017609113,0.04301357033572034,0.057381668198215996
169,202,0.005,24,5,5,32,64,True,False,3,3,True,0.15271486646749757,0.030542973293499514,0.08440626768225973,45.0,6.932628868788413,24.185675266217373,46.19342618013218,2.030044078765416,3.9266815086094797,5.74703997929891,0.0008034617453300304,0.002900663119107111,0.0052716624545498195,0.02188994520988096,0.043057081280760044,0.06154450195298831
170,192,0.001,24,5,5,32,32,True,False,3,3,True,0.15334495732730086,0.03066899146546017,0.08678994426560221,30.0,8.603435912015028,24.910484175636704,44.125928184185966,2.2668937090363985,3.931822204589843,5.307118191189237,0.0009971010657766153,0.0029875917017830544,0.00503571651025928,0.024443892428980474,0.04311345034562585,0.05683342156290882
171,32,0.005,48,48,48,10,64,True,False,3,3,True,0.80946261021826,0.016863804379547084,0.8949049918779305,36.0,24.71048581207493,24.608694064733314,42.54484420822724,3.9312287668929433,3.9364771352109225,5.228647092455055,0.0028644351050008,0.0029513970768750017,0.004855280856903546,0.04239768723346381,0.043164492867324815,0.055993082065237856
172,105,0.001,24,12,12,32,64,True,False,3,3,True,0.42516176402568817,0.03543014700214068,0.3717324120225385,3.0,17.465617054908144,24.77676806845592,42.88384258222946,3.17762804247697,3.937705975836155,5.301198860411271,0.002024189586345897,0.0029715547139272038,0.004893967855209587,0.03426433173288747,0.0431779674235285,0.05677003201525697
173,93,0.001,48,5,5,5,64,True,False,3,3,False,0.06997771603478627,0.013995543206957253,0.04208502563978395,33.0,9.319018981889858,23.957476131692353,41.80640391594092,2.416400608684341,3.943882465184956,5.240236624258537,0.001080259017119367,0.0028732944884593044,0.004771008953178707,0.026060502533085023,0.04324569423135287,0.05611719325382935
174,108,0.005,48,48,48,32,64,True,False,3,3,True,0.7881281574567159,0.01641933661368158,1.008237387984991,8.0,27.268272634468843,24.991753220093553,43.35456985991615,4.13928669569785,3.953738529151035,5.343656760637035,0.003160933296938143,0.0029973385505845155,0.0049476879517972834,0.044641559446193,0.043353768529297676,0.057224709611511146
175,107,0.001,96,48,48,32,32,True,False,3,3,True,0.40883016255166793,0.008517295053159749,0.5281915844976902,3.0,25.64842587870112,24.40854317879823,48.058369955315925,3.940461165100262,3.965275441519712,5.8158113266481894,0.002973680032584359,0.002927392359756375,0.005484492610103664,0.042502013318641216,0.043480273765970925,0.062280967739983525
176,129,0.001,10,10,10,10,32,True,False,3,3,True,0.8710202750834551,0.08710202750834552,0.6430009483839526,8.0,13.665958468878097,25.81421902921244,51.464280664247276,2.8336201962756746,3.966844957352868,5.612308949078622,0.0015800406711589175,0.003095979428417275,0.005873180202528773,0.030517854138605922,0.04349748391419697,0.0601016802252139
177,55,0.005,10,5,5,10,64,True,False,3,3,True,0.33858580684120004,0.06771716136824,0.2427387838675217,4.0,10.536422771825158,23.773408278788764,68.94164968065553,2.4920715451764375,3.9673675693391197,6.194659270533808,0.0012182077492714227,0.002851218659421922,0.007867723531894088,0.026839403537080753,0.04350321449018614,0.06633801416846485
178,265,0.005,10,5,5,10,64,True,False,3,3,True,0.33858580684120004,0.06771716136824,0.2427387838675217,4.0,10.536422771825158,23.773408278788764,68.94164968065553,2.4920715451764375,3.9673675693391197,6.194659270533808,0.0012182077492714227,0.002851218659421922,0.007867723531894088,0.026839403537080753,0.04350321449018614,0.06633801416846485
179,208,0.001,48,48,48,5,64,True,False,3,3,True,0.7906090286042955,0.016471021429256157,0.9979799315333366,0.0,27.261131044836453,25.248274016860517,43.38305897160467,4.140168545166751,3.9751601163134067,5.348202462735752,0.0031601054451425893,0.0030281038861095996,0.004950939171567521,0.044651070054754965,0.043588661789061886,0.05727338910090045
180,224,0.005,48,24,24,32,64,True,False,3,3,True,0.4067209556698799,0.016946706486244998,0.4914413883040349,40.0,27.104104759721398,25.822623062397845,43.126595948906164,3.9992557736613836,4.006293290261822,5.310360450858418,0.0031419029861981503,0.003096987350207522,0.004921671230227384,0.0431313478590388,0.04393004511701599,0.056868142611876775
181,176,0.005,48,48,48,32,32,True,False,3,3,True,0.7981320089764066,0.01662775018700847,0.9972664623388222,1.0,27.217471875235482,25.57548295635129,43.31316132963741,4.1401150777474225,4.006381341756646,5.34019537542017,0.0031550444819947463,0.0030673470700428914,0.0049429623487749555,0.04465049341700217,0.04393101062449635,0.057187641967992614
182,232,0.001,10,5,5,10,64,True,False,3,3,True,0.32801124859939923,0.06560224971987985,0.21856952198978627,15.0,8.800637567457242,26.83277214730015,57.08077281384223,2.2559109962592694,4.028840358741235,5.8247291148150415,0.001017518479979186,0.003218137665967723,0.0065141426346254,0.024295974041970644,0.04417727957135928,0.062376467481281325
183,266,0.001,10,5,5,10,64,True,False,3,3,True,0.32801124859939923,0.06560224971987985,0.21856952198978627,15.0,8.800637567457242,26.83277214730015,57.08077281384223,2.2559109962592694,4.028840358741235,5.8247291148150415,0.001017518479979186,0.003218137665967723,0.0065141426346254,0.024295974041970644,0.04417727957135928,0.062376467481281325
184,187,0.001,48,5,5,32,32,True,False,3,3,False,0.0703244029798291,0.01406488059596582,0.05578107876522887,10.0,13.03655910222634,24.364506501655345,40.528527103684354,2.7783868290589737,4.042248743295225,5.204776562584771,0.0015111956043610951,0.0029221109043547633,0.004625175752011868,0.0299644672892234,0.044324305985984205,0.05573745484191727
185,268,0.001,10,10,10,32,32,True,False,3,3,True,0.8671222681348975,0.08671222681348975,0.6468030808098388,10.0,13.592879774430953,26.564787444449607,49.30938462270625,2.824225360955999,4.057208146682771,5.553877442660996,0.001571591405804816,0.0031859974285963384,0.005627260263372241,0.03041667254259707,0.04448833972443663,0.05947594280668382
186,5,0.005,48,48,48,5,64,True,False,3,3,True,0.793505589167277,0.016531366440984938,1.1076197906264238,0.0,27.19527216240439,26.34283995746741,43.094806630268316,4.135147972779418,4.085991802537188,5.30886911969011,0.0031524710952455775,0.003159378577446583,0.004918043385934878,0.04459692396699642,0.044803959977050375,0.05685217208890649
187,147,0.005,48,24,24,10,32,True,False,3,3,True,0.4109401538968086,0.017122506412367025,0.5040925487875938,2.0,26.953494500540312,26.770103265268762,42.52084389015762,3.9825501567841863,4.117287926315109,5.230813470063926,0.0031244442718348434,0.0032106215923901524,0.004852541904932946,0.04295118039451312,0.04514713009215245,0.0560162815960329
188,222,0.005,24,5,5,5,32,True,False,3,3,False,0.11992355063557625,0.023984710127115248,0.08437101514727781,42.0,7.908993358211155,26.16777778911885,52.23239138268874,2.258107675912686,4.118062493521408,6.241513164661549,0.0009166181729417338,0.003138382828116033,0.0059608381393866094,0.024349152720763285,0.0451556234224839,0.06683976804333551
189,111,0.001,10,5,5,10,32,True,False,3,3,False,0.28055031021887605,0.05611006204377521,0.20478829177040042,21.0,8.453840367112468,25.859969245995874,44.11439078315468,2.25724329352753,4.125295219208275,5.465442945692274,0.0009774222304232793,0.003101466393947662,0.005034399844905155,0.024310322772882247,0.04523493213573148,0.05852890622941836
190,154,0.001,10,5,5,10,32,True,False,3,3,False,0.28055031021887605,0.05611006204377521,0.20478829177040042,21.0,8.453840367112468,25.859969245995874,44.11439078315468,2.25724329352753,4.125295219208275,5.465442945692274,0.0009774222304232793,0.003101466393947662,0.005034399844905155,0.024310322772882247,0.04523493213573148,0.05852890622941836
191,140,0.001,96,5,5,5,32,True,False,3,3,True,0.04323931139978496,0.00864786227995699,0.04036083281971514,3.0,19.40234243724528,26.598499726751378,47.95469692625898,3.342233505820514,4.144996554980287,5.838727775149875,0.00224950874427395,0.0031900406472725714,0.005472661289934908,0.036049499545005165,0.04545096239278573,0.0625263777970995
192,185,0.001,10,5,5,32,64,True,False,3,3,False,0.27922768924723973,0.05584553784944794,0.20427012206478554,18.0,8.566679506855296,25.407998469298754,43.18919622937692,2.301402759013203,4.148620758198717,5.290203418731689,0.0009904685477012281,0.0030472601355550854,0.004928815267279649,0.024785916548047255,0.04549070272115506,0.05665228288103125
193,83,0.001,10,5,5,32,64,True,False,3,3,False,0.27922768924723973,0.05584553784944794,0.20427012206478554,18.0,8.566679506855296,25.407998469298754,43.18919622937692,2.301402759013203,4.148620758198717,5.290203418731689,0.0009904685477012281,0.0030472601355550854,0.004928815267279649,0.024785916548047255,0.04549070272115506,0.05665228288103125
194,226,0.005,96,96,96,10,32,True,False,3,3,True,0.8197481234868368,0.008539042952987883,1.4612960381941362,4.0,40.30531418621034,27.64033213496134,66.75179931449088,4.913564231716056,4.21608309132953,6.922216440360689,0.004673000540828608,0.003314990842357938,0.007617814553257696,0.05299795218590392,0.046230444702936455,0.07412935437500776
195,11,0.005,96,96,96,32,64,True,False,3,3,True,0.8648187319437662,0.009008528457747566,1.2838664678010074,31.0,32.92492805189535,27.316246839781943,52.681468078510605,4.398664776985741,4.223356351369668,6.167905909251903,0.0038173181303692576,0.0032761222867842632,0.006012087439391891,0.04744422063881173,0.046310197885881824,0.06605151497903969
196,255,0.001,24,5,5,10,32,True,False,3,3,True,0.14861054142767732,0.029722108285535464,0.08156511035155166,53.0,8.158718456930725,28.637554980941186,44.35926674581921,2.2102907860840157,4.243795437519776,5.300815267209654,0.0009455602333732776,0.0034345908741546588,0.005062345453731971,0.023833543670986855,0.04653431776719639,0.056765924152316884
197,90,0.001,96,5,5,10,64,True,False,3,3,True,0.04345902140167626,0.008691804280335252,0.0362230627381775,3.0,17.721681309021104,26.828931090544366,43.73993749246183,3.1740228725819106,4.2454015614600165,5.284493456240053,0.0020546527924047496,0.003217676996106441,0.004991666678808522,0.03423517115177958,0.04655192933281236,0.05659113543835053
198,118,0.001,24,5,5,5,64,True,False,3,3,False,0.1394331379031593,0.027886627580631863,0.08537469671644045,40.0,9.237069093307829,26.94392783009783,43.29676297017859,2.421515442770116,4.312850175711918,5.305522672865125,0.0010705364149603235,0.0032314689120884698,0.004941090943620071,0.026111177053532213,0.04729152088352796,0.05681633530964313
199,207,0.001,24,5,5,10,64,True,False,3,3,False,0.13236681608991188,0.026473363217982375,0.08121738120010405,58.0,8.783421528901231,27.146847412897863,42.88770335717826,2.370379958653896,4.315946793511815,5.236992638199418,0.0010179606214537915,0.003255805687617529,0.004894408452585146,0.025559783634397426,0.04732547610093311,0.05608245371711652
200,142,0.001,24,5,5,32,32,True,False,3,3,False,0.14712903496216645,0.02942580699243329,0.09101851944896308,30.0,10.491772771348614,27.10564633977232,43.333973981282384,2.6223431354180833,4.317128656341155,5.268366348125316,0.0012159511524445818,0.0032508643150088497,0.004945337519515238,0.028276700075753648,0.0473384355334193,0.05641843177865116
201,42,0.005,48,5,5,5,32,True,False,3,3,False,0.07291961935433475,0.01458392387086695,0.07490365346893668,13.0,14.051819608986818,30.259530172262973,75.63654960161607,2.9658450518047754,4.326069248277604,7.536537953835946,0.0016288844211007699,0.003629119394271916,0.0086317554617334,0.031986174894807255,0.047436471443095644,0.08070806475844465
202,104,0.005,10,10,10,32,32,True,False,3,3,True,0.8669258301908319,0.0866925830190832,0.7243038084019314,3.0,15.482964705355041,27.446170766695673,78.70162128441017,3.0238866327896003,4.328473189799532,6.600397333148506,0.001790120612490589,0.0032917044666878623,0.008981545997894995,0.03256700785533762,0.047462831285440106,0.07068302430880465
203,264,0.001,10,10,10,5,32,True,False,3,3,False,0.672609228302132,0.0672609228302132,0.5775970934015332,24.0,12.34578523817752,29.74385803598153,47.14693634379426,2.7207480340489596,4.33353255578809,5.814456884511984,0.0014274039276599144,0.003567273234063518,0.005380478451661785,0.029302230327175112,0.04751830854584964,0.062266463148576964
204,189,0.001,96,96,96,5,32,True,False,3,3,True,0.8393146395683289,0.00874286082883676,1.4130065535957164,0.0,39.8627057265542,29.45448006114528,64.2907028191792,4.8853520376464665,4.391245000461032,6.805576207250714,0.004621684489506123,0.0035325672351674744,0.007336950563200624,0.05269365403453176,0.0481511404716745,0.07288026526473684
205,137,0.005,96,96,96,10,64,True,False,3,3,True,0.9041244089603424,0.0094179625933369,1.3969573175365275,15.0,34.9723695798037,28.493674274071164,50.436008884656076,4.548540667673101,4.402445682622591,5.992245172598177,0.004054698623746085,0.003417334814302078,0.005755832298686223,0.04906078957205112,0.048273958856912214,0.0641703809362994
206,145,0.001,10,5,5,10,32,True,False,3,3,True,0.32885638353499497,0.06577127670699899,0.21816855601289056,13.0,8.84528133808278,31.247783085158503,50.16090410464587,2.2604431959344993,4.408890784208557,5.568541129783347,0.0010226801357432422,0.003747643634146677,0.005724436932293792,0.02434478545600471,0.048344631067592216,0.05963297483081978
207,76,0.001,10,5,5,10,32,True,False,3,3,True,0.32885638353499497,0.06577127670699899,0.21816855601289056,13.0,8.84528133808278,31.247783085158503,50.16090410464587,2.2604431959344993,4.408890784208557,5.568541129783347,0.0010226801357432422,0.003747643634146677,0.005724436932293792,0.02434478545600471,0.048344631067592216,0.05963297483081978
208,194,0.005,48,5,5,32,64,True,False,3,3,False,0.07301757620139555,0.01460351524027911,0.09726322077274803,21.0,20.258545534964515,29.24770208451349,40.66753667438736,3.543578296323497,4.4711438788160045,4.886117604573568,0.002348366982661798,0.0035077677104877886,0.004641039730835185,0.03821693755399444,0.04902725239774459,0.052324966511524594
209,197,0.005,48,5,5,32,64,True,False,3,3,True,0.0679356147619811,0.01358712295239622,0.054098172308576685,26.0,11.595007188684978,29.152943976691418,51.705388917758675,2.6111970729969736,4.493963917851226,5.4988836839463975,0.0013440911638319987,0.0034964030764401384,0.0059006958347869575,0.02816135192594268,0.04927748004503794,0.05888701989979538
210,209,0.001,10,10,10,10,32,True,False,3,3,False,0.6774079501628876,0.06774079501628875,0.5735674764622342,22.0,12.088001450641292,31.79361791004286,45.30802051562554,2.699662816675954,4.4970783347132945,5.62173427152886,0.0013975992952515687,0.0038131072992392905,0.005170618644107526,0.029075144287516046,0.049311630433776676,0.06020261510265266
211,130,0.001,10,5,5,32,32,True,False,3,3,False,0.29010351273146545,0.05802070254629309,0.20641650914242773,25.0,8.471154488693468,29.292219341137695,44.1480991190857,2.265815616566957,4.533973101397464,5.301586236600522,0.0009794240670559365,0.003513106803278554,0.005038246690303458,0.02440264597995498,0.049716191120573384,0.056774180389850104
212,160,0.001,10,5,5,32,32,True,False,3,3,False,0.29010351273146545,0.05802070254629309,0.20641650914242773,25.0,8.471154488693468,29.292219341137695,44.1480991190857,2.265815616566957,4.533973101397464,5.301586236600522,0.0009794240670559365,0.003513106803278554,0.005038246690303458,0.02440264597995498,0.049716191120573384,0.056774180389850104
213,274,0.001,10,5,5,5,64,True,False,3,3,True,0.32435762001709506,0.06487152400341901,0.2173472788523544,16.0,8.873996047518789,32.73305289817802,48.21197155649308,2.271324759014582,4.5586978130944384,5.507009249793159,0.001026000093788829,0.003925776653842292,0.005502021853133328,0.024461978986497778,0.04998730399765441,0.05897403580797185
214,190,0.001,10,5,5,5,64,True,False,3,3,True,0.32435762001709506,0.06487152400341901,0.2173472788523544,16.0,8.873996047518789,32.73305289817802,48.21197155649308,2.271324759014582,4.5586978130944384,5.507009249793159,0.001026000093788829,0.003925776653842292,0.005502021853133328,0.024461978986497778,0.04998730399765441,0.05897403580797185
215,43,0.001,10,5,5,5,32,True,False,3,3,True,0.323093253780495,0.064618650756099,0.23194223789103102,5.0,9.687738885889898,30.285172617762537,93.69400537008045,2.373046190605475,4.595713375666955,7.3275846071596495,0.0011200840018746555,0.0036321947723676517,0.010692499153446187,0.02555751035521867,0.05039318924269999,0.07847040333640395
216,245,0.001,10,5,5,5,32,True,False,3,3,True,0.323093253780495,0.064618650756099,0.23194223789103102,5.0,9.687738885889898,30.285172617762537,93.69400537008045,2.373046190605475,4.595713375666955,7.3275846071596495,0.0011200840018746555,0.0036321947723676517,0.010692499153446187,0.02555751035521867,0.05039318924269999,0.07847040333640395
217,249,0.001,96,96,96,10,64,True,False,3,3,True,0.8715556462605795,0.009078704648547703,1.4021160440011458,0.0,39.180200750020276,31.809923144258878,61.445219485193086,4.838135510039656,4.620400775536142,6.656363526452549,0.004542554821648269,0.0038150628365984174,0.0070122197757866885,0.052184374180950566,0.05066389298591104,0.0712823609247859
218,262,0.005,24,5,5,5,64,True,False,3,3,True,0.15270479362119327,0.030540958724238655,0.1042582154781981,13.0,10.910105856892168,30.77468523140997,60.36091132234053,2.5397395494905,4.625230725251097,5.653193284493906,0.0012644341503666762,0.003690903539814313,0.006888476916597555,0.02738598642622829,0.05071685463737241,0.060539506666282
219,179,0.001,96,96,96,5,64,True,False,3,3,True,0.8639746308326721,0.008999735737840334,1.2908240082589062,7.0,34.639330938512764,31.23534616243869,51.75863456135393,4.484668329308638,4.62714148877901,6.094586634968476,0.004016086103727526,0.0037461520353944634,0.005906772306774874,0.04837185930168007,0.050737806655087446,0.06526634587710513
220,63,0.001,96,48,48,5,32,True,False,3,3,True,0.36877279811435276,0.007682766627382349,0.5040455600619316,5.0,24.007159739428907,31.21933967605372,47.39993187800681,3.8573257954819002,4.627672354192642,5.762379012786031,0.0027833915380938053,0.003744232327790176,0.005409350678062058,0.04160531101941176,0.050743627732048685,0.06170876619680869
221,119,0.001,10,5,5,32,32,True,False,3,3,True,0.3301828361370347,0.06603656722740694,0.21742599739721327,27.0,8.673099747643187,34.0283656515624,51.65671231215499,2.239100679779532,4.642120894107073,5.643897673995406,0.0010027727200768665,0.004081127533654166,0.005895140788205757,0.024114928329836496,0.050902059720005936,0.06043996086173917
222,125,0.001,10,5,5,32,32,True,False,3,3,True,0.3301828361370347,0.06603656722740694,0.21742599739721327,27.0,8.673099747643187,34.0283656515624,51.65671231215499,2.239100679779532,4.642120894107073,5.643897673995406,0.0010027727200768665,0.004081127533654166,0.005895140788205757,0.024114928329836496,0.050902059720005936,0.06043996086173917
223,75,0.005,96,5,5,32,32,True,False,3,3,True,0.042876769534566185,0.008575353906913236,0.04242347601601588,6.0,20.31167307684873,31.628319577178967,49.95681866090007,3.4983168418398507,4.644391693882436,5.938044254868119,0.0023549365930937653,0.0037932825570102437,0.005701146398114329,0.037733022297384074,0.05092695962856377,0.06358994848775076
224,29,0.001,96,96,96,32,32,True,False,3,3,True,0.8567500412464142,0.008924479596316814,1.159853446212682,9.0,33.00169703330918,31.315769553831434,48.5000361581626,4.377139444970818,4.646060587037508,5.864588404795576,0.0038262187306724407,0.0037557974623986163,0.005534896213636147,0.04721204731958473,0.05094525947490203,0.06280331680874172
225,169,0.001,10,5,5,10,64,True,False,3,3,False,0.28810386054895143,0.05762077210979029,0.20822793809753476,19.0,8.428320491960545,30.50130121782545,45.16295040212887,2.2675546089359147,4.646175871126255,5.348945566813151,0.0009744716550388477,0.0036581157463444424,0.005154063027132602,0.02442137478331887,0.050946523594838596,0.05728134693145452
226,106,0.001,10,5,5,10,64,True,False,3,3,False,0.28810386054895143,0.05762077210979029,0.20822793809753476,19.0,8.428320491960545,30.50130121782545,45.16295040212887,2.2675546089359147,4.646175871126255,5.348945566813151,0.0009744716550388477,0.0036581157463444424,0.005154063027132602,0.02442137478331887,0.050946523594838596,0.05728134693145452
227,19,0.005,24,5,5,5,32,True,False,3,3,True,0.1522736573083834,0.030454731461676682,0.08764903845660614,21.0,9.177609468500487,30.780708284767027,63.82112333173501,2.340731498182089,4.648212402315334,5.709771643744575,0.0010636453012387369,0.0036916259033019944,0.007283361454141401,0.025240084578562205,0.05096885468758108,0.061145398908887295
228,282,0.005,24,12,12,32,64,True,False,3,3,True,0.4101975986903364,0.0341831332241947,0.31432536989450455,37.0,12.707309260450566,32.75614133357177,72.98754336232803,2.7194208201838057,4.6547243996379635,6.96831964471544,0.0014727222630964813,0.003928545721577113,0.008329446932397051,0.029323487789799794,0.051040260427365626,0.07462306918483516
229,157,0.001,96,96,96,32,64,True,False,3,3,True,0.8220607141653696,0.0085631324392226,1.2885891551321202,15.0,34.5344293970641,32.275592139295085,51.240194827259316,4.530345626806051,4.6857961231797045,6.031673531025634,0.00400392381272891,0.00387091196484252,0.005847607193745244,0.04886453694149261,0.05138096993567098,0.06459261545893756
230,148,0.001,48,5,5,10,64,True,False,3,3,True,0.07576034404337406,0.015152068808674812,0.04725304921908725,18.0,10.04422012383497,32.2353261782977,43.002272324103814,2.4486138421833075,4.687376626155008,5.362305612210875,0.0011643242040595269,0.0038660827431344262,0.0049074832333784735,0.026407917216801625,0.05139830056076062,0.05742441838093704
231,112,0.001,10,10,10,5,64,True,False,3,3,True,0.8629554239186373,0.08629554239186374,0.6415762185598864,9.0,13.508029529294834,34.47332936086568,44.34669869598178,2.818049925088391,4.755327551367224,5.453921816841004,0.0015617811287885212,0.004134493412700758,0.005060911169204199,0.030350163611266866,0.05214340008145011,0.058405527561505535
232,213,0.005,96,96,96,32,32,True,False,3,3,True,0.7876145740350088,0.008204318479531342,1.3172686316750266,12.0,35.89688293767678,33.45388508838352,53.82701494746436,4.61301969029246,4.776066505547745,6.212007999995559,0.004161886757831448,0.004012228296237196,0.006142818950742482,0.04975626356946362,0.05237080809350069,0.06652380005443165
233,156,0.001,10,10,10,32,64,True,False,3,3,True,0.8583768768744036,0.08583768768744035,0.6499141513398199,8.0,13.498730550600863,34.94488303735714,45.36453498000813,2.8095250503979736,4.793186109501748,5.501807516996191,0.001560705992743715,0.004191048309060783,0.005177068158782253,0.03025835141897166,0.05255852899149706,0.05891833094852506
234,35,0.005,24,12,12,10,32,True,False,3,3,True,0.4256731264970519,0.03547276054142099,0.312769464799203,30.0,13.483680474296582,33.38046403823877,61.76656190158504,2.7705139108559815,4.885527469654661,5.588383025378395,0.0015627003337976366,0.004003422681757683,0.007048891849967589,0.029874424080847024,0.05357107595792721,0.05984545979466187
235,28,0.005,48,5,5,5,64,True,False,3,3,True,0.07463331215760925,0.01492666243152185,0.06732973797366984,10.0,15.763727944027107,33.9839966433334,42.3361264436097,3.043013291942501,4.894296696554571,5.080212452499955,0.0018273285297567266,0.004075806220753674,0.004831461675381023,0.032818422292178115,0.05366723280552767,0.054403509690325966
236,2,0.005,48,5,5,5,32,True,False,3,3,True,0.06868980071422728,0.013737960142845456,0.05980908930782349,15.0,12.718619409482312,34.383760547428956,45.73617696809678,2.7743865069221054,4.920782709388094,5.275873994474058,0.0014743400919241792,0.0041237511468389075,0.005219480494847158,0.029921324440804004,0.05395765880643348,0.05649883044597153
237,210,0.005,96,96,96,5,32,True,False,3,3,True,0.6954081555207571,0.0072438349533412195,0.481674539771947,63.0,12.764038871926422,34.746206960936405,38.93065436850633,2.7610152571285504,4.946889075553993,4.953354782034061,0.0014798634313109103,0.004167220470425759,0.00444282414050032,0.029780450133801387,0.05424392188315254,0.05304500301978559
238,168,0.001,24,12,12,10,64,True,False,3,3,True,0.4317527562379837,0.035979396353165306,0.3567248764447868,6.0,16.86744737307096,36.18660351239123,45.85127398671387,3.128071262465527,4.950828529927806,5.696973346549961,0.0019548643035897173,0.004339971700552878,0.005232615537684386,0.03372996146448998,0.0542871190222134,0.06100834316723141
239,196,0.005,10,5,5,5,64,True,False,3,3,True,0.347646754573692,0.0695293509147384,0.2176736727582686,26.0,7.796847467701147,43.67760528136516,119.09926685375146,2.129539956465803,4.961971973440501,8.376129194189,0.0009014615501609657,0.00523839079852116,0.01359178535467392,0.022934968440433145,0.05440930977081923,0.08969916712031198
240,212,0.005,10,5,5,5,64,True,False,3,3,True,0.347646754573692,0.0695293509147384,0.2176736727582686,26.0,7.796847467701147,43.67760528136516,119.09926685375146,2.129539956465803,4.961971973440501,8.376129194189,0.0009014615501609657,0.00523839079852116,0.01359178535467392,0.022934968440433145,0.05440930977081923,0.08969916712031198
241,246,0.001,48,5,5,10,64,True,False,3,3,False,0.07125135553492741,0.014250271106985481,0.053925097589531255,16.0,12.277028145474496,36.88822431502071,47.975637930195724,2.6996341413868046,4.962619866738772,5.61369583271168,0.0014231509114157347,0.004424119261594035,0.005475051108429501,0.029115131873071007,0.054416414088891314,0.060116532229510154
242,59,0.001,96,48,48,10,64,True,False,3,3,True,0.37971291608280605,0.007910685751725125,0.5996488577127457,0.0,31.307028489824138,35.99097945342202,56.24887713080694,4.41249975214367,5.005044025492449,6.363829482476247,0.0036297387582389243,0.0043165098998458025,0.006419205462802336,0.047593445380228624,0.054881605993994866,0.06814964180230446
243,51,0.001,96,5,5,5,64,True,False,3,3,True,0.04114511134949597,0.008229022269899194,0.049757369103774964,1.0,23.39801759861582,35.817715898134054,47.61610133863515,3.7531902684701075,5.01082598084178,5.7662394735548235,0.002712767561803479,0.0042957298637634036,0.005434020258209045,0.040482099960970505,0.05494500663417717,0.06175010750227728
244,57,0.005,24,5,5,32,32,True,False,3,3,True,0.15110284530303694,0.03022056906060739,0.09032762270759452,26.0,9.653409619427284,37.52960872254833,44.96981749460435,2.3930687218769995,5.056558111038066,5.629428779460766,0.001118788483850609,0.004501042484766738,0.005132022412665842,0.025804436343680338,0.055446471304201064,0.060285014852810695
245,36,0.005,96,5,5,5,32,True,False,3,3,True,0.04001373780721968,0.008002747561443936,0.026324869682347134,17.0,12.787424481578984,34.913447785636585,56.475300733993826,2.8120211109061364,5.111022805723619,5.554222893185086,0.0014825747602947052,0.004187278181731197,0.006445045260939189,0.030330601851012502,0.056043690808982874,0.05947964220333516
246,136,0.001,24,12,12,5,32,True,False,3,3,True,0.43629455837336456,0.036357879864447044,0.35092503344640136,8.0,16.657340513067112,38.23660047745215,43.346274856752046,3.104663217392359,5.122082121229399,5.485560346064859,0.001930513825922505,0.00458583420078828,0.004946741313707048,0.03347755274613659,0.056164959072170985,0.058744341547595946
247,89,0.005,96,96,96,5,64,True,False,3,3,True,0.83955979347229,0.008745414515336355,1.3634883476929232,7.0,35.97997268077468,38.19891089787248,54.743096936002054,4.60787532525017,5.141155076554336,6.278778696077918,0.004171520187622863,0.004581313972501989,0.006247363588878472,0.049700776188067786,0.05637409897462794,0.06723884105819102
248,269,0.001,48,5,5,32,64,True,False,3,3,True,0.07132763762704351,0.014265527525408703,0.04904199657481043,16.0,10.129402152635011,38.718406659205954,43.07149641597599,2.450625467203693,5.171579151402193,5.205063733701353,0.0011741984896347134,0.00464361871193332,0.004915383189633068,0.026429612277939656,0.05670770684701177,0.05574053012996277
249,61,0.001,96,48,48,32,64,True,False,3,3,True,0.38896124561627704,0.008103359283672439,0.5134758350253105,4.0,26.314929148847053,37.691731860090385,48.1976914924734,4.025078646765741,5.179419263515335,5.8287713343169845,0.0030509544616451694,0.004520486415963442,0.005500392191002453,0.04341470175333223,0.056793675709972936,0.062419755223654415
250,167,0.005,96,48,48,10,32,True,False,3,3,True,0.3973664724164539,0.00827846817534279,0.6874701434373856,2.0,30.917744106029144,38.69792412700765,54.370528645482764,4.391081869830063,5.222601889035598,6.248877326351119,0.003584605103465616,0.004641162178258756,0.006204845541803386,0.04736243101891163,0.05726718439991021,0.06691863014715216
251,225,0.005,96,48,48,5,32,True,False,3,3,True,0.39180295169353485,0.008162561493615309,0.5962944656610489,2.0,31.09686801462049,38.82655245532463,54.469204353053605,4.401283111432122,5.230622081325118,6.261728982738953,0.0036053727401562908,0.00465658897300046,0.006216106560216457,0.047472462126508234,0.057355127888716224,0.06705625730730926
252,66,0.005,96,48,48,32,32,True,False,3,3,True,0.37928671141465503,0.007901806487805313,0.562487679719925,6.0,28.765444254561878,38.702285695108806,51.553760870775356,4.2210785199417185,5.234442933119774,6.06811506894954,0.0033350673297748976,0.004641685274661616,0.0058833918166952565,0.0455287662932794,0.0573970245197324,0.06498286440622282
253,164,0.005,96,5,5,10,32,True,False,3,3,True,0.04221530885181644,0.008443061770363287,0.022506187137748514,22.0,10.154426704297624,38.34713544153318,43.59219712337563,2.4567949765094657,5.2412588052021505,5.361208845774333,0.0011773048402937865,0.0045990910021863176,0.004974806328296828,0.026499114808588475,0.057471762325079404,0.05741267321397476
254,261,0.001,48,5,5,32,64,True,False,3,3,False,0.07415091288699345,0.01483018257739869,0.050376605813301376,12.0,11.261620912378037,39.08685372895736,45.85698090391939,2.606727819848979,5.2635347085736095,5.239089748947709,0.0013054450861853808,0.0046878077128525465,0.005233266819558267,0.02811315172992977,0.05771602338367667,0.056104911475720734
255,191,0.005,96,48,48,10,64,True,False,3,3,True,0.3989474094576306,0.008311404363700637,0.6584649962186814,4.0,30.911602587453622,39.39818440009591,53.76535726381393,4.389877445674441,5.27688518464412,6.217198142744451,0.003583893055434125,0.004725146566768272,0.006135782484240365,0.04734944003908497,0.057862414816759404,0.06657938079716112
256,260,0.005,24,12,12,32,32,True,False,3,3,True,0.4327719353816726,0.03606432794847272,0.37320852640550584,15.0,19.056299094866965,38.48847102523263,72.68672629334354,3.3274866248220154,5.295801854379047,6.083912864767323,0.002208542764956742,0.004616041817515716,0.008295117241369818,0.0358802553431563,0.0580698410071831,0.0651520414920031
257,276,0.005,96,48,48,5,64,True,False,3,3,True,0.39884696735276115,0.00830931181984919,0.5806465038657188,11.0,25.078949541151562,39.79266065049127,45.47245016159521,3.949140652335107,5.341516124094147,5.574258329364367,0.002907654911900183,0.0047724573281297195,0.005189383599703005,0.04259563070670777,0.05857110983239798,0.05969419977479913
258,149,0.001,96,48,48,10,32,True,False,3,3,True,0.4077187760008706,0.008494141166684803,0.5996973100304603,0.0,30.80022364358726,42.24306223982629,52.59928796093029,4.383561364604915,5.504899356925936,6.148385358068731,0.0035709797740112376,0.0050663415980104825,0.006002708922226499,0.04728131446938868,0.06036264936024801,0.06584247126179679
259,285,0.001,96,5,5,32,32,True,False,3,3,True,0.04229005087505688,0.008458010175011375,0.045404093606131415,2.0,21.07945301894752,42.22094497078251,44.532425147792644,3.559074037816194,5.539567369144945,5.5035008854336205,0.002443953045566738,0.005063689005271,0.005082106547936448,0.038388352484485196,0.06074279310673812,0.058936465069303744
260,15,0.001,10,5,5,32,64,True,False,3,3,True,0.33208796923810785,0.06641759384762157,0.21898476130357294,21.0,8.559750975104944,46.15913965153465,52.447648572717206,2.2228174222765373,5.597058489069592,5.6844188322844325,0.0009896674797057483,0.005536008919459121,0.0059854036098568,0.0239395589991016,0.06137319814928868,0.060873898073667276
261,80,0.001,10,5,5,32,64,True,False,3,3,True,0.33208796923810785,0.06641759384762157,0.21898476130357294,21.0,8.559750975104944,46.15913965153465,52.447648572717206,2.2228174222765373,5.597058489069592,5.6844188322844325,0.0009896674797057483,0.005536008919459121,0.0059854036098568,0.0239395589991016,0.06137319814928868,0.060873898073667276
262,33,0.001,48,5,5,32,32,True,False,3,3,True,0.0734795696017417,0.01469591392034834,0.0447945169984333,20.0,9.198821208576467,45.543631047595824,52.16513032691384,2.3339906402340285,5.658481694510973,5.413421982659234,0.0010663257126898133,0.005462189061742256,0.005953162207729164,0.025171723915900286,0.06204671952947083,0.05797181870740431
263,158,0.005,24,12,12,10,64,True,False,3,3,True,0.4206022037701173,0.035050183647509774,0.310417088214308,24.0,14.485801915280403,43.86889901951715,77.19926319002269,2.9256021639878993,5.697992140395329,6.184381665429645,0.0016788418808564253,0.005261333250409145,0.00881009465915715,0.03154673917945239,0.06247996181717657,0.06622795227752906
264,128,0.001,10,10,10,10,64,True,False,3,3,True,0.8592175976796583,0.08592175976796583,0.6409531863349857,11.0,13.457352365382231,47.278315205712204,44.162478988644395,2.8090917492976186,5.774122727537786,5.554141916631601,0.001555921899795308,0.00567023511815218,0.005039887742390789,0.030253684802113087,0.06331475345264728,0.059478775033161985
265,238,0.001,96,48,48,5,64,True,False,3,3,True,0.42021658023198444,0.008754512088166343,0.44730339512228967,3.0,23.86407184371545,45.94035330735032,44.19918433411083,3.8794729431865087,5.794545481601671,5.182660233922307,0.002766801918894564,0.005509769193978881,0.005044076610971833,0.041844191274100745,0.06353869424840006,0.05550061319170032
266,67,0.001,96,5,5,10,32,True,False,3,3,True,0.045255301858891143,0.00905106037177823,0.05093459953786805,1.0,25.47588989483261,46.425919127903875,48.6487201269272,3.9664546829395078,5.808150660481087,5.855462048142044,0.002953676200280633,0.005568004610276975,0.005551864249145644,0.042782380716037925,0.0636878785638496,0.0627055835274508
267,13,0.005,96,5,5,5,64,True,False,3,3,True,0.045648549260063606,0.00912970985201272,0.05246683058794588,3.0,25.8266291414658,47.9288700956838,48.451774938617696,3.9993300300055226,5.919506668289724,5.837140628673411,0.0029943409295427477,0.00574825818575415,0.005529388571529377,0.043136975871353754,0.06490892607401941,0.06250938119715026
268,120,0.005,48,5,5,32,32,True,False,3,3,True,0.07117570902813565,0.01423514180562713,0.054506027079637975,20.0,11.845138687748813,49.012660290414686,45.31082511893748,2.6457217043037753,6.032769957956211,5.119768879501907,0.0013730863625599336,0.005878240508434921,0.005170938709606062,0.028533694673412276,0.0661508874244889,0.054827115687090214
269,20,0.005,10,5,5,5,32,True,False,3,3,True,0.3286406167528846,0.06572812335057691,0.22224335406314244,18.0,8.811595278115634,52.7369029266187,53.44746525346936,2.2446569647492667,6.064362917710061,5.730347945601852,0.0010187853964960538,0.006324900489706254,0.006099504175526048,0.02417476905742651,0.06649731242306307,0.06136574855921197
270,91,0.005,10,5,5,5,32,True,False,3,3,True,0.3286406167528846,0.06572812335057691,0.22224335406314244,18.0,8.811595278115634,52.7369029266187,53.44746525346936,2.2446569647492667,6.064362917710061,5.730347945601852,0.0010187853964960538,0.006324900489706254,0.006099504175526048,0.02417476905742651,0.06649731242306307,0.06136574855921197
271,86,0.005,96,48,48,32,64,True,False,3,3,True,0.4442323280705346,0.009254840168136137,0.5942739161849022,3.0,30.462365441690604,49.68567969595087,49.419498019820196,4.359852304567032,6.066432921670149,5.934630442315183,0.0035318084738473845,0.005958957815129642,0.005639826567916202,0.047025587349317714,0.06652001055342216,0.06355339029534422
272,201,0.001,24,5,5,32,64,True,False,3,3,True,0.1469413892111995,0.0293882778422399,0.07571133237444994,45.0,7.692262826924207,57.72063244539695,65.04080657731726,2.1461368929717253,6.371876764563875,6.1786871330826365,0.00089150004037905,0.0069226146428817865,0.007422553518984273,0.023141772876491273,0.06986928151959229,0.06616697007479266
273,23,0.005,24,5,5,5,64,True,False,3,3,False,0.13648967478762974,0.02729793495752595,0.10727260843145126,15.0,11.281892581648304,58.061213126379904,60.06997842984552,2.668433132700425,6.596659857467566,5.8830014829282415,0.0013075226260974282,0.006963461541284807,0.006855275222482492,0.02877368806029416,0.07233408643959259,0.0630005007029165
274,199,0.005,96,5,5,10,64,True,False,3,3,True,0.04075723615559665,0.00815144723111933,0.03015351894178561,12.0,13.087326359661496,59.29503446681189,49.46756642312911,2.7539652526512572,6.707612935213626,5.466844511385317,0.0015173454020021594,0.007111437565041207,0.005645312205547531,0.029704408429128786,0.07355071571711053,0.05854391546249198
275,87,0.005,10,5,5,10,64,True,False,3,3,False,0.2920682199976661,0.058413643999533214,0.2971168329769915,36.0,10.61760725161518,61.386128559548766,62.687619379866,2.5698799152458083,6.883850436503658,6.167698386157,0.0012275941951783993,0.007362228971384821,0.007154004298388322,0.02767739321955855,0.07548320563286387,0.06604929263404721
276,279,0.005,10,5,5,10,64,True,False,3,3,False,0.2920682199976661,0.058413643999533214,0.2971168329769915,36.0,10.61760725161518,61.386128559548766,62.687619379866,2.5698799152458083,6.883850436503658,6.167698386157,0.0012275941951783993,0.007362228971384821,0.007154004298388322,0.02767739321955855,0.07548320563286387,0.06604929263404721
277,235,0.005,10,10,10,10,64,True,False,3,3,True,0.8393334597349167,0.08393334597349167,0.6658571229288073,10.0,13.342832607098043,64.89266620878595,214.6832323691285,2.7802324349551024,6.934737720829464,11.972672334734934,0.001542681271547214,0.007782778917704084,0.02449996956901392,0.02994287238384946,0.07604119790510937,0.1282142039278928
278,181,0.005,24,5,5,10,64,True,False,3,3,True,0.14334598590027203,0.028669197180054406,0.09824161779022578,22.0,9.265331714464459,71.99649841532926,138.3737331404449,2.3392663152659035,7.272715615782214,8.917354316005,0.0010738119306920744,0.008634763568082142,0.01579141609561147,0.025224285525677966,0.07974721319108911,0.09549509523053797
279,143,0.001,24,5,5,10,64,True,False,3,3,True,0.14997577616436916,0.029995155232873834,0.0759071468968283,64.0,7.751683875650724,87.25942977710083,95.48248500478923,2.144222036444088,8.137215005174918,6.720077525244819,0.000898386683299471,0.010465294310070324,0.010896603107637756,0.02312112499750519,0.08922667323760317,0.07196466804936275
280,84,0.005,10,10,10,32,64,True,False,3,3,True,0.8621218637986616,0.08621218637986616,0.7190123330237288,1.0,15.726525049939358,84.51314056836966,51.442248377002436,3.0354498123640123,8.145874325920634,6.023709810902833,0.001818280748583575,0.010135923319412255,0.005870665845161048,0.03269154233885599,0.0893216249357144,0.06450733274115307
281,139,0.001,24,5,5,5,32,True,False,3,3,True,0.15222943337126213,0.030445886674252427,0.08268552487998297,47.0,8.312226031526487,157.51495357644856,350.10015695451455,2.220078804168603,10.411402868203387,15.653460774598297,0.0009633510983020743,0.018891257387602046,0.03995395027751614,0.023939087773120458,0.11416373305552822,0.16763141559540976
282,152,0.005,24,12,12,5,64,True,False,3,3,True,0.4248918382958932,0.03540765319132443,0.34193951915949583,16.0,15.337467230250004,199.67224201322426,369.43947055323855,3.005333802422157,11.751316312018517,15.749530607978558,0.0017775462126984548,0.0239473118671279,0.0421609814900874,0.03240648464758103,0.12885623152606535,0.16866021826067606
283,251,0.005,24,12,12,5,32,True,False,3,3,True,0.40417613224549725,0.033681344353791436,0.26766872801817954,43.0,10.767591558357553,211.25850563479977,283.7615429062233,2.5011598654305276,12.251651722160908,13.368520419598008,0.001247917358655725,0.025336888432819244,0.03238328904096858,0.026969982074834645,0.13434253907988886,0.1431622076818897
284,31,0.005,10,10,10,5,64,True,False,3,3,True,0.8454685482111844,0.08454685482111844,0.6647459845425505,7.0,13.468523765667154,347.92019272844277,288.2515965268938,2.7937467214391463,16.193375051716092,14.287681161789664,0.0015572135228339827,0.04172714883217194,0.032895700633880136,0.030088420126715445,0.17756455782900477,0.15300541223531017
285,116,0.005,24,5,5,10,32,True,False,3,3,True,0.14340601963075725,0.02868120392615145,0.08691914706970706,23.0,8.42259779689843,931.9897405302727,1681.2164752626963,2.2513417151111086,24.749066283582977,35.25522918489244,0.0009761427092362964,0.1117764229439758,0.19186292300666888,0.024276195432402923,0.27137993144050776,0.3775448803624568
286,30,0.005,10,5,5,10,32,True,False,3,3,True,0.34846574745394965,0.06969314949078993,0.22344434261322021,12.0,8.174559178619486,3291.7085892719647,794.907183628837,2.1488764030710374,51.26419933792931,22.175881666607328,0.000945132095961548,0.3947848302208106,0.09071598929352437,0.023143220364185344,0.5621252431211193,0.23747939764745582
287,204,0.005,10,5,5,10,32,True,False,3,3,True,0.34846574745394965,0.06969314949078993,0.22344434261322021,12.0,8.174559178619486,3291.7085892719647,794.907183628837,2.1488764030710374,51.26419933792931,22.175881666607328,0.000945132095961548,0.3947848302208106,0.09071598929352437,0.023143220364185344,0.5621252431211193,0.23747939764745582
